Model Name,Param Name,File Size(Bytes),Comp Ratio(BDI1B),Comp Ratio(BDI2B),Comp Ratio(BDIZV)
GoogLeNet_Imagenet_output,ConvReLU2d_0_output0,2569011,1.4512932826078944,1.1207667926767286,1.4746883441766088
GoogLeNet_Imagenet_output,ConvReLU2d_0_output1,2569011,1.540934445234718,1.1289263650817507,1.5221876826198153
GoogLeNet_Imagenet_output,ConvReLU2d_0_output2,2569011,1.4821324606558453,1.1353997429510423,1.489294262663945
GoogLeNet_Imagenet_output,ConvReLU2d_10_output0,321126,1.1522618829204705,0.9974604348170504,2.2059299895058113
GoogLeNet_Imagenet_output,ConvReLU2d_10_output1,321126,1.16102239598635,0.9991178433681892,2.2020891824584115
GoogLeNet_Imagenet_output,ConvReLU2d_10_output2,321126,1.1755162410630564,1.0059447257985434,2.2067088586933643
GoogLeNet_Imagenet_output,ConvReLU2d_11_output0,481689,1.1699030452663903,1.0027814326876634,3.081247016358154
GoogLeNet_Imagenet_output,ConvReLU2d_11_output1,481689,1.1873680188459768,1.0182590000147984,3.1632959318037783
GoogLeNet_Imagenet_output,ConvReLU2d_11_output2,481689,1.188429281538091,1.014659630718025,3.0961438332829805
GoogLeNet_Imagenet_output,ConvReLU2d_12_output0,80281,1.1557624491691552,1.0116855122338613,1.4583713798977849
GoogLeNet_Imagenet_output,ConvReLU2d_12_output1,80281,1.161293823355454,1.0034257707984295,1.4299605565293305
GoogLeNet_Imagenet_output,ConvReLU2d_12_output2,80281,1.1711694949572333,1.0143066579040492,1.432151859204568
GoogLeNet_Imagenet_output,ConvReLU2d_13_output0,240844,1.1831647416592566,1.0164797248103323,3.084327474145935
GoogLeNet_Imagenet_output,ConvReLU2d_13_output1,240844,1.1980901756476252,1.0273241293113193,3.1433899527346822
GoogLeNet_Imagenet_output,ConvReLU2d_13_output2,240844,1.2206131017281063,1.039513979562107,3.133395567901274
GoogLeNet_Imagenet_output,ConvReLU2d_14_output0,160563,1.267762152428116,1.0685341872091707,1.8641290856433592
GoogLeNet_Imagenet_output,ConvReLU2d_14_output1,160563,1.2859992789328205,1.0734793512790504,1.8132031991324384
GoogLeNet_Imagenet_output,ConvReLU2d_14_output2,160563,1.3093787951556606,1.088955223880597,1.8591926147502291
GoogLeNet_Imagenet_output,ConvReLU2d_15_output0,120422,1.191108538607954,1.0057689014023317,2.1849068931721654
GoogLeNet_Imagenet_output,ConvReLU2d_15_output1,120422,1.2013112398401364,1.0119746636460307,2.177614977614977
GoogLeNet_Imagenet_output,ConvReLU2d_15_output2,120422,1.2127476313522823,1.0143793052600534,2.231161646349091
GoogLeNet_Imagenet_output,ConvReLU2d_16_output0,60211,1.1947768233950644,0.9990036532713382,2.084130847111195
GoogLeNet_Imagenet_output,ConvReLU2d_16_output1,60211,1.1934702339179832,0.9987880397788585,2.0761651683260567
GoogLeNet_Imagenet_output,ConvReLU2d_16_output2,60211,1.2085751379259253,0.9948405873792827,2.083291850453858
GoogLeNet_Imagenet_output,ConvReLU2d_17_output0,130457,1.2082980632834437,1.0070958127755514,2.748359738190246
GoogLeNet_Imagenet_output,ConvReLU2d_17_output1,130457,1.2075052479800772,1.0128438087250926,2.779406750767132
GoogLeNet_Imagenet_output,ConvReLU2d_17_output2,130457,1.2175355853926906,1.011163483006698,2.751635624306128
GoogLeNet_Imagenet_output,ConvReLU2d_18_output0,10035,1.1747782729559175,1.0115501519756827,1.227063233577089
GoogLeNet_Imagenet_output,ConvReLU2d_18_output1,10035,1.181346230642941,1.0016051364365959,1.237385552061223
GoogLeNet_Imagenet_output,ConvReLU2d_18_output2,10035,1.1980919809198074,1.014634146341462,1.261462166558742
GoogLeNet_Imagenet_output,ConvReLU2d_19_output0,30105,1.2145315796380223,1.0161475575974592,1.8962365252474296
GoogLeNet_Imagenet_output,ConvReLU2d_19_output1,30105,1.2246559726406638,1.0201105571946956,1.9103112670577667
GoogLeNet_Imagenet_output,ConvReLU2d_19_output2,30105,1.2305741213289623,1.0250119266680293,1.8835611077192802
GoogLeNet_Imagenet_output,ConvReLU2d_1_output0,642252,1.3832908889572737,1.0285475433385995,1.8141104541419775
GoogLeNet_Imagenet_output,ConvReLU2d_1_output1,642252,1.4453390045065573,1.0286579188672975,1.7722667327109032
GoogLeNet_Imagenet_output,ConvReLU2d_1_output2,642252,1.4336262295740658,1.0436792032000701,1.9077627995314064
GoogLeNet_Imagenet_output,ConvReLU2d_20_output0,40140,1.2485036577255593,1.0358687094234413,1.9201722642581562
GoogLeNet_Imagenet_output,ConvReLU2d_20_output1,40140,1.2583698860496015,1.0404615284890124,1.9645309344593345
GoogLeNet_Imagenet_output,ConvReLU2d_20_output2,40140,1.2360864040660733,1.0235820781307787,1.8567140353616842
GoogLeNet_Imagenet_output,ConvReLU2d_21_output0,100352,1.2062136494147093,1.0005284200241278,1.9165272111360707
GoogLeNet_Imagenet_output,ConvReLU2d_21_output1,100352,1.2168100750108748,1.0011672569461763,1.947892251774856
GoogLeNet_Imagenet_output,ConvReLU2d_21_output2,100352,1.2292521891981691,1.0042028579434015,1.9970845336000034
GoogLeNet_Imagenet_output,ConvReLU2d_22_output0,70246,1.2225528330347675,1.0018622239663229,2.203666866763183
GoogLeNet_Imagenet_output,ConvReLU2d_22_output1,70246,1.234231066732297,1.0041836216575721,2.230020050423837
GoogLeNet_Imagenet_output,ConvReLU2d_22_output2,70246,1.2359421004220557,1.0032078990047653,2.1591914718579766
GoogLeNet_Imagenet_output,ConvReLU2d_23_output0,140492,1.3236487497158578,1.0164647316114888,2.8524437044406983
GoogLeNet_Imagenet_output,ConvReLU2d_23_output1,140492,1.3434866289703649,1.030437062872945,2.8874603688459297
GoogLeNet_Imagenet_output,ConvReLU2d_23_output2,140492,1.344093994728105,1.0192672565472758,2.874079984451161
GoogLeNet_Imagenet_output,ConvReLU2d_24_output0,15052,1.1925387039863606,1.0015649452269162,1.5961158351352405
GoogLeNet_Imagenet_output,ConvReLU2d_24_output1,15052,1.2038139451120058,1.0027000900029992,1.5827830250730068
GoogLeNet_Imagenet_output,ConvReLU2d_24_output2,15052,1.2007864192972113,0.998439937597503,1.559054097829606
GoogLeNet_Imagenet_output,ConvReLU2d_25_output0,40140,1.3027672603757041,1.06039505846601,2.5309765212318056
GoogLeNet_Imagenet_output,ConvReLU2d_25_output1,40140,1.3124984668220283,1.06969490983246,2.5311162097594417
GoogLeNet_Imagenet_output,ConvReLU2d_25_output2,40140,1.2958101235165895,1.0613767109700452,2.4681053902159604
GoogLeNet_Imagenet_output,ConvReLU2d_26_output0,40140,1.289579291145952,1.0501000955159823,2.51534953692821
GoogLeNet_Imagenet_output,ConvReLU2d_26_output1,40140,1.2687090960827085,1.0428951984926251,2.3546877521381298
GoogLeNet_Imagenet_output,ConvReLU2d_26_output2,40140,1.2921954812766416,1.0469493979675695,2.337525030036042
GoogLeNet_Imagenet_output,ConvReLU2d_27_output0,80281,1.1757635024145299,0.9945597620670424,1.709584138801463
GoogLeNet_Imagenet_output,ConvReLU2d_27_output1,80281,1.1853361616810574,0.9985194401244166,1.7345148044089038
GoogLeNet_Imagenet_output,ConvReLU2d_27_output2,80281,1.1995672912544628,1.0014474669328672,1.7402881831882293
GoogLeNet_Imagenet_output,ConvReLU2d_28_output0,80281,1.3702022497807196,1.0059537985234577,2.6368232351648704
GoogLeNet_Imagenet_output,ConvReLU2d_28_output1,80281,1.3856652638394298,1.0100557534263814,2.6462565687789787
GoogLeNet_Imagenet_output,ConvReLU2d_28_output2,80281,1.398404370013656,1.0135380885027276,2.624460431654675
GoogLeNet_Imagenet_output,ConvReLU2d_29_output0,160563,1.3032670584294979,1.0223303568016509,2.804058155836328
GoogLeNet_Imagenet_output,ConvReLU2d_29_output1,160563,1.3054372887972574,1.0235559693402543,2.7876406470142556
GoogLeNet_Imagenet_output,ConvReLU2d_29_output2,160563,1.318100352904223,1.0244248013530333,2.809991793861808
GoogLeNet_Imagenet_output,ConvReLU2d_2_output0,1926758,1.2579963464161603,1.0242683749856132,1.9523563917804694
GoogLeNet_Imagenet_output,ConvReLU2d_2_output1,1926758,1.2909528375273622,1.0275513923691488,1.9118567476793538
GoogLeNet_Imagenet_output,ConvReLU2d_2_output2,1926758,1.3009335571642346,1.0426033264799395,2.0284658169104093
GoogLeNet_Imagenet_output,ConvReLU2d_30_output0,15052,1.2660598726784855,1.0233729119178028,1.9776462853385897
GoogLeNet_Imagenet_output,ConvReLU2d_30_output1,15052,1.2454197288065405,1.0177634917949576,1.8901002230670114
GoogLeNet_Imagenet_output,ConvReLU2d_30_output2,15052,1.2668997178115642,1.0245580571545343,1.9102657733464548
GoogLeNet_Imagenet_output,ConvReLU2d_31_output0,40140,1.5195467261186288,1.0978182066890085,3.3291575061185514
GoogLeNet_Imagenet_output,ConvReLU2d_31_output1,40140,1.491525423728813,1.0958993896194333,3.337082506055153
GoogLeNet_Imagenet_output,ConvReLU2d_31_output2,40140,1.544884936332399,1.124049356433563,3.3078888797296147
GoogLeNet_Imagenet_output,ConvReLU2d_32_output0,40140,1.2769755841428192,1.0348535840006186,2.4520435988114953
GoogLeNet_Imagenet_output,ConvReLU2d_32_output1,40140,1.281471546273232,1.0509251378213098,2.3072842922341597
GoogLeNet_Imagenet_output,ConvReLU2d_32_output2,40140,1.2948223079994672,1.0440348115674307,2.296654003820315
GoogLeNet_Imagenet_output,ConvReLU2d_33_output0,70246,1.224063532467985,0.9953710595524174,1.993101588337993
GoogLeNet_Imagenet_output,ConvReLU2d_33_output1,70246,1.2313331564882062,0.9966993419978561,1.995020121975043
GoogLeNet_Imagenet_output,ConvReLU2d_33_output2,70246,1.228618115239822,0.9985137777777776,1.9801862911698542
GoogLeNet_Imagenet_output,ConvReLU2d_34_output0,90316,1.2491259617878445,1.0016471540837772,2.5028477986724122
GoogLeNet_Imagenet_output,ConvReLU2d_34_output1,90316,1.2438417581055323,1.003885297567103,2.4937675831477923
GoogLeNet_Imagenet_output,ConvReLU2d_34_output2,90316,1.2414179444307927,1.0068963210329427,2.4757864146210222
GoogLeNet_Imagenet_output,ConvReLU2d_35_output0,180633,1.3586444248020613,1.0572505678226052,3.32457587534313
GoogLeNet_Imagenet_output,ConvReLU2d_35_output1,180633,1.3696795501340422,1.0747597369752149,3.3486699082679365
GoogLeNet_Imagenet_output,ConvReLU2d_35_output2,180633,1.346361499941295,1.0501564117175053,3.2540662765923893
GoogLeNet_Imagenet_output,ConvReLU2d_36_output0,20070,1.1944783995706738,0.9922480620155033,1.8307857518221469
GoogLeNet_Imagenet_output,ConvReLU2d_36_output1,20070,1.2029515309377783,0.9992268362638728,1.849292621569847
GoogLeNet_Imagenet_output,ConvReLU2d_36_output2,20070,1.1967262082561674,0.9968896961855228,1.847139778005738
GoogLeNet_Imagenet_output,ConvReLU2d_37_output0,40140,1.2457565950313159,1.0305481721175695,2.536856745479831
GoogLeNet_Imagenet_output,ConvReLU2d_37_output1,40140,1.2596141395830631,1.0421909696521092,2.5789203084832883
GoogLeNet_Imagenet_output,ConvReLU2d_37_output2,40140,1.2627355651794243,1.0438175504311518,2.5376990087113227
GoogLeNet_Imagenet_output,ConvReLU2d_38_output0,40140,1.3071116214301415,1.0843793490156863,2.4530366476143883
GoogLeNet_Imagenet_output,ConvReLU2d_38_output1,40140,1.2792196148282742,1.0556527458072997,2.335518322626642
GoogLeNet_Imagenet_output,ConvReLU2d_38_output2,40140,1.2760162650099565,1.0551808464481518,2.342129646518074
GoogLeNet_Imagenet_output,ConvReLU2d_39_output0,160563,1.454382358437675,1.2517312371326967,4.561198610430296
GoogLeNet_Imagenet_output,ConvReLU2d_39_output1,160563,1.535920999278745,1.3364083692041262,4.637734758740247
GoogLeNet_Imagenet_output,ConvReLU2d_39_output2,160563,1.482305435983391,1.2555498193082084,4.545553018637496
GoogLeNet_Imagenet_output,ConvReLU2d_3_output0,160563,1.2213468622577819,1.0034759558878692,1.5221820104339907
GoogLeNet_Imagenet_output,ConvReLU2d_3_output1,160563,1.2479685582084241,1.001260058636392,1.5342528603790897
GoogLeNet_Imagenet_output,ConvReLU2d_3_output2,160563,1.2532632183033021,1.010297338805106,1.5252049786380366
GoogLeNet_Imagenet_output,ConvReLU2d_40_output0,100352,1.2471780595489244,1.00765137061954,2.878993591605612
GoogLeNet_Imagenet_output,ConvReLU2d_40_output1,100352,1.2636264474829495,1.0183471342750445,2.898148081296703
GoogLeNet_Imagenet_output,ConvReLU2d_40_output2,100352,1.246690001521838,1.0157907522876344,2.858878621156276
GoogLeNet_Imagenet_output,ConvReLU2d_41_output0,200704,1.8099581788053338,1.5045615718494418,5.148352053560261
GoogLeNet_Imagenet_output,ConvReLU2d_41_output1,200704,1.9207181256384918,1.6271758076938665,5.3231663854179425
GoogLeNet_Imagenet_output,ConvReLU2d_41_output2,200704,1.7792533180263268,1.476731096084938,5.1365430755942265
GoogLeNet_Imagenet_output,ConvReLU2d_42_output0,20070,1.3405159433867557,1.0009243760461684,1.6571121313645183
GoogLeNet_Imagenet_output,ConvReLU2d_42_output1,20070,1.3265346665783713,0.9977337815963138,1.6893770885822397
GoogLeNet_Imagenet_output,ConvReLU2d_42_output2,20070,1.2967794141446825,0.9922480620155033,1.600559300873906
GoogLeNet_Imagenet_output,ConvReLU2d_43_output0,80281,1.61771797875959,1.300366181664992,4.099007246145495
GoogLeNet_Imagenet_output,ConvReLU2d_43_output1,80281,1.666388955937429,1.386425276832449,4.066142709672514
GoogLeNet_Imagenet_output,ConvReLU2d_43_output2,80281,1.61259842519685,1.3330232867156093,4.0991904384912
GoogLeNet_Imagenet_output,ConvReLU2d_44_output0,80281,1.578871265215787,1.265428400239664,3.61757944557133
GoogLeNet_Imagenet_output,ConvReLU2d_44_output1,80281,1.635370261410439,1.331166030850887,3.6748304381421155
GoogLeNet_Imagenet_output,ConvReLU2d_44_output2,80281,1.5484057677420284,1.234100135317997,3.5804595137184902
GoogLeNet_Imagenet_output,ConvReLU2d_45_output0,40140,1.3341478923285992,1.0503749656445087,3.920903816793888
GoogLeNet_Imagenet_output,ConvReLU2d_45_output1,40140,1.3597814346527728,1.0718091854859169,3.9876776309251665
GoogLeNet_Imagenet_output,ConvReLU2d_45_output2,40140,1.3355465971069476,1.0514207857882114,3.9983559391697443
GoogLeNet_Imagenet_output,ConvReLU2d_46_output0,25088,1.3078502029831676,0.9940959702024801,2.5270898125180965
GoogLeNet_Imagenet_output,ConvReLU2d_46_output1,25088,1.3100013706766567,0.9978125124289062,2.5986146177251213
GoogLeNet_Imagenet_output,ConvReLU2d_46_output2,25088,1.2132188042144452,0.9959507741167125,2.444628501827037
GoogLeNet_Imagenet_output,ConvReLU2d_47_output0,50176,1.4811447463580942,1.0980151869925812,3.64181379397942
GoogLeNet_Imagenet_output,ConvReLU2d_47_output1,50176,1.539105695421117,1.140752529271342,3.9658160190481797
GoogLeNet_Imagenet_output,ConvReLU2d_47_output2,50176,1.45609669392108,1.0899769735412952,3.650889511405388
GoogLeNet_Imagenet_output,ConvReLU2d_48_output0,5017,1.225895570494517,0.9922480620155014,1.3970963792198658
GoogLeNet_Imagenet_output,ConvReLU2d_48_output1,5017,1.221172369507381,0.9922480620155014,1.4336073518325685
GoogLeNet_Imagenet_output,ConvReLU2d_48_output2,5017,1.1419747791026817,0.9922480620155014,1.3108813392417487
GoogLeNet_Imagenet_output,ConvReLU2d_49_output0,20070,1.4072604014822867,1.0703427640191279,3.4496297571895913
GoogLeNet_Imagenet_output,ConvReLU2d_49_output1,20070,1.516312164105668,1.1730741076918565,3.773392983282308
GoogLeNet_Imagenet_output,ConvReLU2d_49_output2,20070,1.4914194244872114,1.1666521068110998,3.768867147997451
GoogLeNet_Imagenet_output,ConvReLU2d_4_output0,240844,1.2152775105764422,1.0104280952311027,1.9123364248507175
GoogLeNet_Imagenet_output,ConvReLU2d_4_output1,240844,1.235605384789528,1.012203245933127,1.865174260839933
GoogLeNet_Imagenet_output,ConvReLU2d_4_output2,240844,1.243644949880616,1.0200013129501355,1.8714137378717632
GoogLeNet_Imagenet_output,ConvReLU2d_50_output0,20070,1.2915122014119458,1.0319655874095246,2.5846908164252724
GoogLeNet_Imagenet_output,ConvReLU2d_50_output1,20070,1.3376961602671107,1.0570697343078013,2.758943635299379
GoogLeNet_Imagenet_output,ConvReLU2d_50_output2,20070,1.2836911246395375,1.0211811485229265,2.739512461964507
GoogLeNet_Imagenet_output,ConvReLU2d_51_output0,60211,1.2446081118823247,0.9937888198757762,2.0983698045422234
GoogLeNet_Imagenet_output,ConvReLU2d_51_output1,60211,1.2809198094376277,0.9940679786513325,2.276858155256671
GoogLeNet_Imagenet_output,ConvReLU2d_51_output2,60211,1.2517458327589746,0.9940679786513325,2.200690459315484
GoogLeNet_Imagenet_output,ConvReLU2d_52_output0,30105,1.716723500791872,1.2316763573826872,4.806455478768016
GoogLeNet_Imagenet_output,ConvReLU2d_52_output1,30105,2.0918487095456224,1.5410625544341403,5.7744822786936245
GoogLeNet_Imagenet_output,ConvReLU2d_52_output2,30105,1.2068567760313746,1.0987726475745174,4.532765733014363
GoogLeNet_Imagenet_output,ConvReLU2d_53_output0,60211,1.3027637170776598,1.0014148980441113,2.0853770559994445
GoogLeNet_Imagenet_output,ConvReLU2d_53_output1,60211,1.4929475228697544,1.070672195625478,2.80592107180961
GoogLeNet_Imagenet_output,ConvReLU2d_53_output2,60211,1.3922743354383686,1.0428511995562333,2.380453061628251
GoogLeNet_Imagenet_output,ConvReLU2d_54_output0,7526,1.4784540204353585,1.0399277827928597,4.229015178256236
GoogLeNet_Imagenet_output,ConvReLU2d_54_output1,7526,1.5765040265277077,1.0957781517523943,4.788489208633055
GoogLeNet_Imagenet_output,ConvReLU2d_54_output2,7526,1.1780530973451304,1.0175986953862861,3.882558817810591
GoogLeNet_Imagenet_output,ConvReLU2d_55_output0,20070,1.3767934156944266,0.9992268362638728,2.3960647698219244
GoogLeNet_Imagenet_output,ConvReLU2d_55_output1,20070,1.4914194244872114,1.0367725073105085,2.979123677801939
GoogLeNet_Imagenet_output,ConvReLU2d_55_output2,20070,1.3812790898121001,1.0395163592018883,2.498067090659679
GoogLeNet_Imagenet_output,ConvReLU2d_56_output0,20070,1.2423138343230118,0.9985792976246848,1.8957579198902195
GoogLeNet_Imagenet_output,ConvReLU2d_56_output1,20070,1.281105106641511,0.9954036125121115,2.279698991422106
GoogLeNet_Imagenet_output,ConvReLU2d_56_output2,20070,1.244136667468887,1.0009243760461684,2.1186953820119223
GoogLeNet_Imagenet_output,ConvReLU2d_5_output0,321126,1.1634408300197794,1.013888998530106,1.9154423772417135
GoogLeNet_Imagenet_output,ConvReLU2d_5_output1,321126,1.1666366155373573,1.0143117759016924,1.8543975004259325
GoogLeNet_Imagenet_output,ConvReLU2d_5_output2,321126,1.1892307813391938,1.02796021827763,1.8800411622027926
GoogLeNet_Imagenet_output,ConvReLU2d_6_output0,40140,1.3216901547620514,1.1587808082704047,1.7080559945090896
GoogLeNet_Imagenet_output,ConvReLU2d_6_output1,40140,1.3365975518361224,1.1594839418062033,1.661907375003882
GoogLeNet_Imagenet_output,ConvReLU2d_6_output2,40140,1.3525627251469374,1.16696959562619,1.6852715131661828
GoogLeNet_Imagenet_output,ConvReLU2d_7_output0,80281,1.4039912355511235,1.136657838457943,2.3168006004467254
GoogLeNet_Imagenet_output,ConvReLU2d_7_output1,80281,1.4303970057478943,1.136577352291395,2.3458692768905296
GoogLeNet_Imagenet_output,ConvReLU2d_7_output2,80281,1.4454094795564136,1.1465634241467488,2.3993721738480502
GoogLeNet_Imagenet_output,ConvReLU2d_8_output0,80281,1.3558016369764079,1.1008902484190888,2.1764412760721212
GoogLeNet_Imagenet_output,ConvReLU2d_8_output1,80281,1.3665276828871162,1.0785936996021932,2.103496063611255
GoogLeNet_Imagenet_output,ConvReLU2d_8_output2,80281,1.386230705953221,1.1118715451434587,2.0626921581793116
GoogLeNet_Imagenet_output,ConvReLU2d_9_output0,321126,1.2181521314902293,1.01001083655363,1.9748050721974757
GoogLeNet_Imagenet_output,ConvReLU2d_9_output1,321126,1.2358379456072421,1.016521063287212,1.972289555335278
GoogLeNet_Imagenet_output,ConvReLU2d_9_output2,321126,1.263527176834994,1.0403671716410778,2.06710288180426
InceptionV3_Imagenet_output,ConvReLU2d_0_output0,1261670,2.0137475968041985,1.6157172412865732,2.0886084043414175
InceptionV3_Imagenet_output,ConvReLU2d_0_output1,1261670,2.16514519563747,1.6742123300168863,2.18581986198204
InceptionV3_Imagenet_output,ConvReLU2d_0_output2,1261670,1.9941213951462093,1.5884240365167106,2.0617378067463985
InceptionV3_Imagenet_output,ConvReLU2d_10_output0,192000,1.2978914334095506,1.022805363335624,1.1167189401639308
InceptionV3_Imagenet_output,ConvReLU2d_10_output1,192000,1.3122115120931055,1.0220376876397317,1.127303872244766
InceptionV3_Imagenet_output,ConvReLU2d_10_output2,192000,1.3112940320754813,1.0205057881812674,1.1266266772874702
InceptionV3_Imagenet_output,ConvReLU2d_11_output0,64000,1.4229534621958502,1.0855921565966684,1.208074277691917
InceptionV3_Imagenet_output,ConvReLU2d_11_output1,64000,1.4605453082834594,1.0951965364409533,1.2350622596814886
InceptionV3_Imagenet_output,ConvReLU2d_11_output2,64000,1.4605453082834594,1.1085706367352592,1.2350622596814886
InceptionV3_Imagenet_output,ConvReLU2d_12_output0,128000,1.2002902264258426,0.9926097105146835,1.0436977068208293
InceptionV3_Imagenet_output,ConvReLU2d_12_output1,128000,1.2193800452742471,0.9922480620155038,1.0581015550166308
InceptionV3_Imagenet_output,ConvReLU2d_12_output2,128000,1.2127384914196382,0.9926097105146835,1.0530970721021833
InceptionV3_Imagenet_output,ConvReLU2d_13_output0,96000,1.1774229155934945,0.9985541767648923,1.0263647443710306
InceptionV3_Imagenet_output,ConvReLU2d_13_output1,96000,1.2003788695807112,1.002967111036817,1.0437647289065748
InceptionV3_Imagenet_output,ConvReLU2d_13_output2,96000,1.197666421831213,1.0005106773248844,1.0417132928313033
InceptionV3_Imagenet_output,ConvReLU2d_14_output0,128000,1.222774168895682,0.9980662466471211,1.0606562810739144
InceptionV3_Imagenet_output,ConvReLU2d_14_output1,128000,1.224247757139851,0.9980662466471211,1.0617648522653746
InceptionV3_Imagenet_output,ConvReLU2d_14_output2,128000,1.2306435039689454,0.9984321495152143,1.0665722305837502
InceptionV3_Imagenet_output,ConvReLU2d_15_output0,128000,1.2212123633440704,1.0065504415453694,1.0594809577956172
InceptionV3_Imagenet_output,ConvReLU2d_15_output1,128000,1.2395593753782834,1.0069225928256764,1.0732627607169059
InceptionV3_Imagenet_output,ConvReLU2d_15_output2,128000,1.227669071251563,1.0013690592607079,1.0643373200942519
InceptionV3_Imagenet_output,ConvReLU2d_16_output0,192000,1.239307343380114,1.0046938038649316,1.0730738115497953
InceptionV3_Imagenet_output,ConvReLU2d_16_output1,192000,1.2525503588850344,1.005930800343693,1.0829882013511969
InceptionV3_Imagenet_output,ConvReLU2d_16_output2,192000,1.2493411677435726,1.0032134179794654,1.080588245225995
InceptionV3_Imagenet_output,ConvReLU2d_17_output0,192000,1.362212957518644,1.0046938038649316,1.1640093757317687
InceptionV3_Imagenet_output,ConvReLU2d_17_output1,192000,1.382058078831297,1.0076677215688128,1.1784690030428437
InceptionV3_Imagenet_output,ConvReLU2d_17_output2,192000,1.3682522715125602,1.0044467695527073,1.1684162482884528
InceptionV3_Imagenet_output,ConvReLU2d_18_output0,128000,1.4171225492706108,1.0921222153016559,1.2038688394304664
InceptionV3_Imagenet_output,ConvReLU2d_18_output1,128000,1.4318534251919506,1.093437665510584,1.2144831864053787
InceptionV3_Imagenet_output,ConvReLU2d_18_output2,128000,1.4484410163416395,1.1005072650674919,1.226395773725189
InceptionV3_Imagenet_output,ConvReLU2d_19_output0,128000,1.1901828511388095,0.9922480620155038,1.0360471563338498
InceptionV3_Imagenet_output,ConvReLU2d_19_output1,128000,1.2054532633762343,0.9947851497229366,1.047599268726604
InceptionV3_Imagenet_output,ConvReLU2d_19_output2,128000,1.1984317397156063,0.9944219145729423,1.042292228612143
InceptionV3_Imagenet_output,ConvReLU2d_1_output0,1216614,1.5241228423898294,1.1495671557100815,1.2802210703173926
InceptionV3_Imagenet_output,ConvReLU2d_1_output1,1216614,1.6374653982542533,1.1628394449879398,1.3592498281142398
InceptionV3_Imagenet_output,ConvReLU2d_1_output2,1216614,1.5288287644388872,1.1410536524332282,1.2835397106888098
InceptionV3_Imagenet_output,ConvReLU2d_20_output0,96000,1.1230779354668887,0.9927303186043864,1.7546184390292934
InceptionV3_Imagenet_output,ConvReLU2d_20_output1,96000,1.127857643218095,0.9938711280437302,1.7754639208623941
InceptionV3_Imagenet_output,ConvReLU2d_20_output2,96000,1.1262945788274215,0.9927303186043864,1.7670974733727398
InceptionV3_Imagenet_output,ConvReLU2d_21_output0,128000,1.1668571545778061,0.9936962394807936,1.0183269008354456
InceptionV3_Imagenet_output,ConvReLU2d_21_output1,128000,1.1817889098805168,0.9966053131520757,1.0296807486905255
InceptionV3_Imagenet_output,ConvReLU2d_21_output2,128000,1.1748697202570944,0.9944219145729423,1.0244241115821948
InceptionV3_Imagenet_output,ConvReLU2d_22_output0,128000,1.2974424925086632,0.9991647607078457,1.1163865706545142
InceptionV3_Imagenet_output,ConvReLU2d_22_output1,128000,1.2943429376781457,1.0006332132052314,1.1140909659625624
InceptionV3_Imagenet_output,ConvReLU2d_22_output2,128000,1.2948585013024454,0.998798320770323,1.114472910907468
InceptionV3_Imagenet_output,ConvReLU2d_23_output0,192000,1.2342881387802727,1.004199856692312,1.0693087503707077
InceptionV3_Imagenet_output,ConvReLU2d_23_output1,192000,1.2440500632959066,1.0061785652522521,1.0766277160142064
InceptionV3_Imagenet_output,ConvReLU2d_23_output2,192000,1.2426551073853032,1.005930800343693,1.075582799918491
InceptionV3_Imagenet_output,ConvReLU2d_24_output0,192000,1.1950833523955353,0.9927303186043867,1.0397585810544614
InceptionV3_Imagenet_output,ConvReLU2d_24_output1,192000,1.214550888970597,0.9932130441979805,1.054463449042848
InceptionV3_Imagenet_output,ConvReLU2d_24_output2,192000,1.2044706563188836,0.9929716227328441,1.0468570774285755
InceptionV3_Imagenet_output,ConvReLU2d_25_output0,128000,1.227205614465686,1.0301562135320674,1.0639889611145283
InceptionV3_Imagenet_output,ConvReLU2d_25_output1,128000,1.2494692196186188,1.0324995361818488,1.0806840392254533
InceptionV3_Imagenet_output,ConvReLU2d_25_output2,128000,1.2560348549672251,1.031717244992544,1.0855921565966684
InceptionV3_Imagenet_output,ConvReLU2d_26_output0,176947,1.1622382297312057,0.9940825742207037,1.0148072561220034
InceptionV3_Imagenet_output,ConvReLU2d_26_output1,176947,1.164829773959309,0.9953970987091619,1.0167824631235585
InceptionV3_Imagenet_output,ConvReLU2d_26_output2,176947,1.1691342246338319,0.9940825742207037,1.0200607350629298
InceptionV3_Imagenet_output,ConvReLU2d_27_output0,128000,1.1914915402937072,0.9922480620155038,1.0370386874168924
InceptionV3_Imagenet_output,ConvReLU2d_27_output1,128000,1.200911003581623,0.992971622732844,1.0441670422540954
InceptionV3_Imagenet_output,ConvReLU2d_27_output2,128000,1.2005561951747956,0.9922480620155038,1.0438987989047217
InceptionV3_Imagenet_output,ConvReLU2d_28_output0,192000,1.2052446976295286,1.0164484655333972,3.456540084388185
InceptionV3_Imagenet_output,ConvReLU2d_28_output1,192000,1.216247354305682,1.0176714405351255,3.531310493233953
InceptionV3_Imagenet_output,ConvReLU2d_28_output2,192000,1.2262180752208152,1.027083990863232,3.5201100034376065
InceptionV3_Imagenet_output,ConvReLU2d_29_output0,44236,1.184859709170311,0.9922480620155035,1.0320111546068174
InceptionV3_Imagenet_output,ConvReLU2d_29_output1,44236,1.1959624368708206,0.9922480620155035,1.0404239426430537
InceptionV3_Imagenet_output,ConvReLU2d_29_output2,44236,1.1866122427076027,0.9922480620155035,1.0333404405085618
InceptionV3_Imagenet_output,ConvReLU2d_2_output0,2433228,1.289472633035113,1.0652468139010907,1.5080246143176643
InceptionV3_Imagenet_output,ConvReLU2d_2_output1,2433228,1.3437632800818446,1.0702429165379197,1.5092685705973998
InceptionV3_Imagenet_output,ConvReLU2d_2_output2,2433228,1.305920822898601,1.0703766243107011,1.5211947289311274
InceptionV3_Imagenet_output,ConvReLU2d_30_output0,88473,1.1472208125736685,0.9927715170834641,1.003339340838224
InceptionV3_Imagenet_output,ConvReLU2d_30_output1,88473,1.1529915560523647,0.9922480620155038,1.0077505689732276
InceptionV3_Imagenet_output,ConvReLU2d_30_output2,88473,1.1519272752136305,0.9922480620155038,1.0069374378298839
InceptionV3_Imagenet_output,ConvReLU2d_31_output0,58982,1.2072411118194173,0.9922480620155036,1.048949275604108
InceptionV3_Imagenet_output,ConvReLU2d_31_output1,58982,1.198926043446424,0.9938206557017726,1.0426661006155802
InceptionV3_Imagenet_output,ConvReLU2d_31_output2,58982,1.2125214064211547,0.9953982420440246,1.0529333744188847
InceptionV3_Imagenet_output,ConvReLU2d_32_output0,58982,1.2454065018104599,0.9922480620155036,1.077643477605084
InceptionV3_Imagenet_output,ConvReLU2d_32_output1,58982,1.2353348003772395,0.9953982420440246,1.0700942214476332
InceptionV3_Imagenet_output,ConvReLU2d_32_output2,58982,1.2531211633209494,0.9938206557017726,1.083414896403413
InceptionV3_Imagenet_output,ConvReLU2d_33_output0,88473,1.2771513610200111,1.0038930821179273,1.10133062300675
InceptionV3_Imagenet_output,ConvReLU2d_33_output1,88473,1.2725209468949676,1.0049652884298552,1.097885637947112
InceptionV3_Imagenet_output,ConvReLU2d_33_output2,88473,1.2821082423884425,0.9985661868473044,1.1050146875326974
InceptionV3_Imagenet_output,ConvReLU2d_34_output0,58982,1.2214252966454004,1.0082015582105377,1.0596412223518068
InceptionV3_Imagenet_output,ConvReLU2d_34_output1,58982,1.2240219287316219,1.0033619024112073,1.0615949859520204
InceptionV3_Imagenet_output,ConvReLU2d_34_output2,58982,1.2246227201545734,1.0017589925306547,1.0620468780616343
InceptionV3_Imagenet_output,ConvReLU2d_35_output0,58982,1.1918623607646284,1.0114540166276285,1.037319588989566
InceptionV3_Imagenet_output,ConvReLU2d_35_output1,58982,1.2010422317819562,1.0098251685354758,1.0442662485633232
InceptionV3_Imagenet_output,ConvReLU2d_35_output2,58982,1.2099732885833707,1.0098251685354758,1.0510113336230815
InceptionV3_Imagenet_output,ConvReLU2d_36_output0,58982,1.2420997732067924,1.0155492190932347,1.0751667293683091
InceptionV3_Imagenet_output,ConvReLU2d_36_output1,58982,1.242512153669815,1.0122704127632898,1.0754757001224742
InceptionV3_Imagenet_output,ConvReLU2d_36_output2,58982,1.2531211633209494,1.0188493349581267,1.083414896403413
InceptionV3_Imagenet_output,ConvReLU2d_37_output0,58982,1.3193882518844322,1.0155492190932347,1.1325964462250144
InceptionV3_Imagenet_output,ConvReLU2d_37_output1,58982,1.3430626997282837,1.0205074489910748,1.1499978051243027
InceptionV3_Imagenet_output,ConvReLU2d_37_output2,58982,1.3476572212457663,1.0238399207941427,1.153364689653148
InceptionV3_Imagenet_output,ConvReLU2d_38_output0,88473,1.4627815390976275,1.035375646758598,1.2366609399604662
InceptionV3_Imagenet_output,ConvReLU2d_38_output1,88473,1.4953043507662653,1.0457318515015368,1.2598263693532648
InceptionV3_Imagenet_output,ConvReLU2d_38_output2,88473,1.5097766435941857,1.051575318035905,1.2700837886544272
InceptionV3_Imagenet_output,ConvReLU2d_39_output0,88473,1.4289112685812138,1.0849187365838697,1.2123658631448546
InceptionV3_Imagenet_output,ConvReLU2d_39_output1,88473,1.410783285548515,1.0880551113298067,1.1992908498615256
InceptionV3_Imagenet_output,ConvReLU2d_39_output2,88473,1.4049595638093608,1.0719410509986425,1.195079727267046
InceptionV3_Imagenet_output,ConvReLU2d_3_output0,746496,1.267375144203956,1.0161869303911626,1.6547257191528602
InceptionV3_Imagenet_output,ConvReLU2d_3_output1,746496,1.299517835390334,1.0192477051443272,1.6209612145222834
InceptionV3_Imagenet_output,ConvReLU2d_3_output2,746496,1.2847061283521233,1.0176151281261332,1.6770320081189902
InceptionV3_Imagenet_output,ConvReLU2d_40_output0,88473,1.2070157243111017,0.9922480620155038,1.048779114061013
InceptionV3_Imagenet_output,ConvReLU2d_40_output1,88473,1.2180109960856136,0.994345201290598,1.0570705516431573
InceptionV3_Imagenet_output,ConvReLU2d_40_output2,88473,1.2128812408830438,0.9922480620155038,1.0532047112477838
InceptionV3_Imagenet_output,ConvReLU2d_41_output0,73728,1.2989257541522967,0.9972946650795367,1.117484568427514
InceptionV3_Imagenet_output,ConvReLU2d_41_output1,73728,1.2987455658825624,0.9992004011546748,1.1173512011320816
InceptionV3_Imagenet_output,ConvReLU2d_41_output2,73728,1.30435474882573,0.9979291022048968,1.1215004449312065
InceptionV3_Imagenet_output,ConvReLU2d_42_output0,73728,1.2372986954141254,0.9990243902439022,2.364099850897022
InceptionV3_Imagenet_output,ConvReLU2d_42_output1,73728,1.2356656673642925,0.9973486283209781,2.3757552322490203
InceptionV3_Imagenet_output,ConvReLU2d_42_output2,73728,1.2391000189071655,0.9990785408423218,2.3561011268719607
InceptionV3_Imagenet_output,ConvReLU2d_43_output0,88473,1.2367884722275628,1.0028231612603316,1.0711848395759973
InceptionV3_Imagenet_output,ConvReLU2d_43_output1,88473,1.2397919849735775,1.0028231612603316,1.073437139701688
InceptionV3_Imagenet_output,ConvReLU2d_43_output2,88473,1.244876380417208,1.0049652884298552,1.0772465345705606
InceptionV3_Imagenet_output,ConvReLU2d_44_output0,73728,1.2906885142587046,1.0231757750700823,2.721544452852475
InceptionV3_Imagenet_output,ConvReLU2d_44_output1,73728,1.2985654275976852,1.0303106527480819,2.7179952720419145
InceptionV3_Imagenet_output,ConvReLU2d_44_output2,73728,1.2938993089832178,1.0276252334624925,2.6971890562051564
InceptionV3_Imagenet_output,ConvReLU2d_45_output0,73728,1.3036282622533415,1.0083564697676326,2.684214837670315
InceptionV3_Imagenet_output,ConvReLU2d_45_output1,73728,1.2987455658825624,1.021602072912192,2.6167647137115013
InceptionV3_Imagenet_output,ConvReLU2d_45_output2,73728,1.3100125931996718,1.0187083759361095,2.651216102628183
InceptionV3_Imagenet_output,ConvReLU2d_46_output0,73728,1.3237189197923607,0.9972946650795367,1.135786208211296
InceptionV3_Imagenet_output,ConvReLU2d_46_output1,73728,1.3166449020592663,1.001113434538196,1.1305742922697395
InceptionV3_Imagenet_output,ConvReLU2d_46_output2,73728,1.312952018431333,0.9998372660699754,1.1278503450530915
InceptionV3_Imagenet_output,ConvReLU2d_47_output0,73728,1.2896217875555902,1.006250853009417,1.1105914251821722
InceptionV3_Imagenet_output,ConvReLU2d_47_output1,73728,1.2857254963509375,1.0088393858952955,1.1077006287607327
InceptionV3_Imagenet_output,ConvReLU2d_47_output2,73728,1.2921135646687694,1.006250853009417,1.1124388919065722
InceptionV3_Imagenet_output,ConvReLU2d_48_output0,88473,1.5729996376416917,1.0405279813653634,1.3145301971654102
InceptionV3_Imagenet_output,ConvReLU2d_48_output1,88473,1.5635833296504171,1.0434126085315212,1.3079476809097426
InceptionV3_Imagenet_output,ConvReLU2d_48_output2,88473,1.5562173123193788,1.0498154324577749,1.302789387439471
InceptionV3_Imagenet_output,ConvReLU2d_49_output0,88473,1.552560268390992,1.0842936301672141,1.3002254681634173
InceptionV3_Imagenet_output,ConvReLU2d_49_output1,88473,1.617630652462164,1.1157955821317285,1.3455543976815472
InceptionV3_Imagenet_output,ConvReLU2d_49_output2,88473,1.586553898311165,1.1046610381175999,1.3239826658383789
InceptionV3_Imagenet_output,ConvReLU2d_4_output0,1661337,1.2058564146263744,1.0005842169866208,1.5450594122343677
InceptionV3_Imagenet_output,ConvReLU2d_4_output1,1661337,1.2321191556599764,1.0017196676434765,1.5323556523538768
InceptionV3_Imagenet_output,ConvReLU2d_4_output2,1661337,1.2259114620565508,1.0034198049104581,1.5589519917009138
InceptionV3_Imagenet_output,ConvReLU2d_50_output0,88473,1.2235840965055471,0.9927715170834641,1.0612656283746489
InceptionV3_Imagenet_output,ConvReLU2d_50_output1,88473,1.2282674545161025,0.9927715170834641,1.064787045299617
InceptionV3_Imagenet_output,ConvReLU2d_50_output2,88473,1.2214550074573274,0.9927715170834641,1.0596635836488233
InceptionV3_Imagenet_output,ConvReLU2d_51_output0,73728,1.304900145351731,0.9953961846386475,1.1219036206453818
InceptionV3_Imagenet_output,ConvReLU2d_51_output1,73728,1.2949731267783746,1.0017527412057228,1.1145578231292514
InceptionV3_Imagenet_output,ConvReLU2d_51_output2,73728,1.295510704331152,0.9998372660699754,1.114956021708433
InceptionV3_Imagenet_output,ConvReLU2d_52_output0,73728,1.358878659699759,1.0123161840425092,2.8331996368579557
InceptionV3_Imagenet_output,ConvReLU2d_52_output1,73728,1.3337132158411003,1.0098895981152232,2.839596753227995
InceptionV3_Imagenet_output,ConvReLU2d_52_output2,73728,1.3339032382813292,1.0109004154497963,2.8647530234591274
InceptionV3_Imagenet_output,ConvReLU2d_53_output0,88473,1.3134443611199795,1.004428899134661,1.1282136319861216
InceptionV3_Imagenet_output,ConvReLU2d_53_output1,88473,1.3091576501235918,1.0092771153078106,1.1250492895938535
InceptionV3_Imagenet_output,ConvReLU2d_53_output2,88473,1.3112975022516427,1.007116586771119,1.1266292388871018
InceptionV3_Imagenet_output,ConvReLU2d_54_output0,73728,1.4020195105254147,1.0056057940177583,1.1929517984563853
InceptionV3_Imagenet_output,ConvReLU2d_54_output1,73728,1.4183746347797854,1.0166855125623981,1.2047723220030513
InceptionV3_Imagenet_output,ConvReLU2d_54_output2,73728,1.4026496586263721,1.0088393858952955,1.1934079941728122
InceptionV3_Imagenet_output,ConvReLU2d_55_output0,73728,1.3864477776132345,1.004961561528815,1.1816591839310504
InceptionV3_Imagenet_output,ConvReLU2d_55_output1,73728,1.3776750052554128,1.0101386529292484,1.1752806570782968
InceptionV3_Imagenet_output,ConvReLU2d_55_output2,73728,1.3586814553747275,1.0004749433460436,1.161429811969447
InceptionV3_Imagenet_output,ConvReLU2d_56_output0,73728,1.3516200218615295,1.006896740095325,1.1562659891670635
InceptionV3_Imagenet_output,ConvReLU2d_56_output1,73728,1.3344736306251268,1.0101386529292484,1.143694809954277
InceptionV3_Imagenet_output,ConvReLU2d_56_output2,73728,1.3469530366868767,1.0101386529292484,1.152848875050574
InceptionV3_Imagenet_output,ConvReLU2d_57_output0,73728,1.3442454823292922,1.0134015092161146,1.150864869611028
InceptionV3_Imagenet_output,ConvReLU2d_57_output1,73728,1.3291688638299595,1.008191004936482,1.1397961668231935
InceptionV3_Imagenet_output,ConvReLU2d_57_output2,73728,1.3339032382813292,1.004961561528815,1.1432758229680928
InceptionV3_Imagenet_output,ConvReLU2d_58_output0,88473,1.2924357192304388,1.0147192106923648,1.1126776731364663
InceptionV3_Imagenet_output,ConvReLU2d_58_output1,88473,1.2619406432190556,1.011990846681922,1.0900010629137082
InceptionV3_Imagenet_output,ConvReLU2d_58_output2,88473,1.2672087109137145,1.010903604818616,1.093929143450809
InceptionV3_Imagenet_output,ConvReLU2d_59_output0,88473,1.4475111900300306,1.141426525055169,3.259809364101665
InceptionV3_Imagenet_output,ConvReLU2d_59_output1,88473,1.4777939521021861,1.1664600532798775,3.192218678239998
InceptionV3_Imagenet_output,ConvReLU2d_59_output2,88473,1.4862025364312685,1.1879868908827163,3.2521532903747676
InceptionV3_Imagenet_output,ConvReLU2d_5_output0,128000,1.2566174900538234,0.992971622732844,1.0860273670411904
InceptionV3_Imagenet_output,ConvReLU2d_5_output1,128000,1.281484920651805,0.9926097105146835,1.1045516372497095
InceptionV3_Imagenet_output,ConvReLU2d_5_output2,128000,1.2735526397612087,0.9944219145729423,1.0986535057132127
InceptionV3_Imagenet_output,ConvReLU2d_60_output0,88473,1.3221025568203049,1.011990846681922,1.134596019523959
InceptionV3_Imagenet_output,ConvReLU2d_60_output1,88473,1.3817975882439093,1.0428344042916935,1.178279599615668
InceptionV3_Imagenet_output,ConvReLU2d_60_output2,88473,1.3444167254086443,1.0229932916955815,1.1509903848812788
InceptionV3_Imagenet_output,ConvReLU2d_61_output0,88473,1.366997733854437,1.0130804297528233,1.1675012828614655
InceptionV3_Imagenet_output,ConvReLU2d_61_output1,88473,1.401453377250229,1.0280228273882166,1.1925418941215926
InceptionV3_Imagenet_output,ConvReLU2d_61_output2,88473,1.3280430629014153,1.0049652884298552,1.1389682092555329
InceptionV3_Imagenet_output,ConvReLU2d_62_output0,88473,1.3767163133676414,0.9996270385732529,1.174582885827497
InceptionV3_Imagenet_output,ConvReLU2d_62_output1,88473,1.3751992101560249,1.0012225492415665,1.1734783906597233
InceptionV3_Imagenet_output,ConvReLU2d_62_output2,88473,1.314674296755973,0.9938200858446256,1.1291210018702085
InceptionV3_Imagenet_output,ConvReLU2d_63_output0,88473,1.7813134084878628,1.1435959763129993,1.4569114261829947
InceptionV3_Imagenet_output,ConvReLU2d_63_output1,88473,1.8619308628071158,1.1997341399563228,1.5103986338652005
InceptionV3_Imagenet_output,ConvReLU2d_63_output2,88473,1.7202009053381886,1.1477809499091616,1.4157739512511351
InceptionV3_Imagenet_output,ConvReLU2d_64_output0,88473,1.3102267024907088,0.9990963311042832,1.1258387099340486
InceptionV3_Imagenet_output,ConvReLU2d_64_output1,88473,1.3182232274098262,1.0081956935562926,1.1317378390611927
InceptionV3_Imagenet_output,ConvReLU2d_64_output2,88473,1.300065408952942,0.9980366049062308,1.1183279702109634
InceptionV3_Imagenet_output,ConvReLU2d_65_output0,88473,1.244049052788888,0.9996270385732529,1.0766269591904116
InceptionV3_Imagenet_output,ConvReLU2d_65_output1,88473,1.2683535409302422,1.0098186966251084,1.094782183548808
InceptionV3_Imagenet_output,ConvReLU2d_65_output2,88473,1.2258544013776445,1.0022890555945876,1.0629731171084553
InceptionV3_Imagenet_output,ConvReLU2d_66_output0,88473,1.3757045395776746,1.007116586771119,1.173846324845593
InceptionV3_Imagenet_output,ConvReLU2d_66_output1,88473,1.3770539020977384,1.008736114595926,1.1748286116087512
InceptionV3_Imagenet_output,ConvReLU2d_66_output2,88473,1.32882868501954,1.0006901467410365,1.1395460072310304
InceptionV3_Imagenet_output,ConvReLU2d_67_output0,88473,1.3564317906032957,1.004428899134661,1.1597855430020372
InceptionV3_Imagenet_output,ConvReLU2d_67_output1,88473,1.3579077461599278,1.0049652884298552,1.160864400884613
InceptionV3_Imagenet_output,ConvReLU2d_67_output2,88473,1.2916925278753402,0.9969791243969519,1.1121267941230093
InceptionV3_Imagenet_output,ConvReLU2d_68_output0,88473,1.9172340915556874,1.5370499096343664,4.914494474888696
InceptionV3_Imagenet_output,ConvReLU2d_68_output1,88473,1.9645179381534885,1.5554031478062074,5.11674187203517
InceptionV3_Imagenet_output,ConvReLU2d_68_output2,88473,1.738035994566672,1.395210903240054,4.670459795910283
InceptionV3_Imagenet_output,ConvReLU2d_69_output0,88473,1.6775502849718817,1.1498849439020267,1.3867561401995905
InceptionV3_Imagenet_output,ConvReLU2d_69_output1,88473,1.9026189835977407,1.2574531909751345,1.5370632651819924
InceptionV3_Imagenet_output,ConvReLU2d_69_output2,88473,1.7631372392673192,1.1966824965160798,1.4447300666232445
InceptionV3_Imagenet_output,ConvReLU2d_6_output0,96000,1.21449038844716,0.9968226278736526,1.5103809188543915
InceptionV3_Imagenet_output,ConvReLU2d_6_output1,96000,1.237797301021666,0.998637276216829,1.5206234556168026
InceptionV3_Imagenet_output,ConvReLU2d_6_output2,96000,1.236040229246836,1.0034493571652554,1.514739121687987
InceptionV3_Imagenet_output,ConvReLU2d_70_output0,88473,1.4917295262028338,1.0241067086584996,1.2572878500886657
InceptionV3_Imagenet_output,ConvReLU2d_70_output1,88473,1.5366293286541373,1.034806313104723,1.2890334944965256
InceptionV3_Imagenet_output,ConvReLU2d_70_output2,88473,1.4820840969785827,1.0285847191533897,1.2504289831817383
InceptionV3_Imagenet_output,ConvReLU2d_71_output0,25600,1.4840149560882283,0.9995314696236135,1.2518031343976914
InceptionV3_Imagenet_output,ConvReLU2d_71_output1,25600,1.461333181111126,0.997700611871078,1.2356255957911497
InceptionV3_Imagenet_output,ConvReLU2d_71_output2,25600,1.4438091746741197,0.997700611871078,1.2230735695473784
InceptionV3_Imagenet_output,ConvReLU2d_72_output0,88473,1.5081547918460603,1.0202203125901146,1.2689358344392236
InceptionV3_Imagenet_output,ConvReLU2d_72_output1,88473,1.495702611408689,1.0114469335711915,1.2601090599544809
InceptionV3_Imagenet_output,ConvReLU2d_72_output2,88473,1.4673681547365995,1.0169125171022222,1.2399375461088105
InceptionV3_Imagenet_output,ConvReLU2d_73_output0,88473,1.4166554882626754,1.007655851257747,1.2035317550087339
InceptionV3_Imagenet_output,ConvReLU2d_73_output1,88473,1.385889694317841,1.0049652884298552,1.1812537666253204
InceptionV3_Imagenet_output,ConvReLU2d_73_output2,88473,1.3870877946844085,1.0055022509208311,1.1821240623485973
InceptionV3_Imagenet_output,ConvReLU2d_74_output0,88473,1.4673681547365995,1.0610619256700016,1.2399375461088105
InceptionV3_Imagenet_output,ConvReLU2d_74_output1,88473,1.4376908650925393,1.0634603823494047,1.2186801925544464
InceptionV3_Imagenet_output,ConvReLU2d_74_output2,88473,1.4204178644269216,1.0509880342692823,1.2062461643368563
InceptionV3_Imagenet_output,ConvReLU2d_75_output0,15360,1.2955465587044521,0.9922480620155031,1.1149825783972116
InceptionV3_Imagenet_output,ConvReLU2d_75_output1,15360,1.245893661029321,0.9952698762392268,1.0780082113906717
InceptionV3_Imagenet_output,ConvReLU2d_75_output2,15360,1.2802400450084377,0.9952698762392268,1.103626663792638
InceptionV3_Imagenet_output,ConvReLU2d_76_output0,25600,1.3094629156010222,1.0069225928256762,1.1252747252747248
InceptionV3_Imagenet_output,ConvReLU2d_76_output1,25600,1.3906902522663218,1.023959041638334,1.1847395366326319
InceptionV3_Imagenet_output,ConvReLU2d_76_output2,25600,1.3174230484706178,1.0163166461550672,1.1311479937035702
InceptionV3_Imagenet_output,ConvReLU2d_77_output0,30720,1.2282411502766235,0.9983101520863119,1.0647672771228405
InceptionV3_Imagenet_output,ConvReLU2d_77_output1,30720,1.2486853136193883,0.9983101520863119,1.0800975674072117
InceptionV3_Imagenet_output,ConvReLU2d_77_output2,30720,1.2088301263133037,0.9983101520863119,1.0501487026971588
InceptionV3_Imagenet_output,ConvReLU2d_78_output0,30720,1.6452442159383023,1.3312532501300045,4.964347035652954
InceptionV3_Imagenet_output,ConvReLU2d_78_output1,30720,1.757939914163089,1.4436768645143092,5.323052264506475
InceptionV3_Imagenet_output,ConvReLU2d_78_output2,30720,1.562225866737861,1.3052345343303868,4.96114015786179
InceptionV3_Imagenet_output,ConvReLU2d_79_output0,30720,1.4062312247875712,1.0429114611624113,1.1959997080078832
InceptionV3_Imagenet_output,ConvReLU2d_79_output1,30720,1.5825058918981563,1.0916844349680166,1.321162468148243
InceptionV3_Imagenet_output,ConvReLU2d_79_output2,30720,1.3896993960778985,1.0412500423685722,1.184020350349771
InceptionV3_Imagenet_output,ConvReLU2d_7_output0,128000,1.3297095285894038,1.0039530651942021,1.1401937215856264
InceptionV3_Imagenet_output,ConvReLU2d_7_output1,128000,1.3468987787153162,1.0072950193982986,1.1528091279066492
InceptionV3_Imagenet_output,ConvReLU2d_7_output2,128000,1.3430036591603602,1.006178565252252,1.1499545184003952
InceptionV3_Imagenet_output,ConvReLU2d_80_output0,35840,1.2532125810794268,0.9987459941479723,1.0834832292879055
InceptionV3_Imagenet_output,ConvReLU2d_80_output1,35840,1.245325468973275,1.0000558066856404,1.077582804977506
InceptionV3_Imagenet_output,ConvReLU2d_80_output2,35840,1.2426053453872519,0.9987459941479723,1.0755455189979777
InceptionV3_Imagenet_output,ConvReLU2d_81_output0,30720,1.2882731290002982,0.9967876959018783,1.1095910820951111
InceptionV3_Imagenet_output,ConvReLU2d_81_output1,30720,1.2836101535568782,0.9952698762392272,1.1061301647312984
InceptionV3_Imagenet_output,ConvReLU2d_81_output2,30720,1.2731369958815753,0.9983101520863119,1.0983441710799755
InceptionV3_Imagenet_output,ConvReLU2d_82_output0,30720,1.8202826415429727,1.395792630287609,4.864319220948865
InceptionV3_Imagenet_output,ConvReLU2d_82_output1,30720,1.8754149401341529,1.5301852958756716,5.047235685533547
InceptionV3_Imagenet_output,ConvReLU2d_82_output2,30720,1.782031759843375,1.4217614661915112,4.82014670693915
InceptionV3_Imagenet_output,ConvReLU2d_83_output0,30720,1.628077985571476,1.089864121758257,1.3527750714203142
InceptionV3_Imagenet_output,ConvReLU2d_83_output1,30720,1.7161771483638486,1.1255220927676408,1.4130472280677537
InceptionV3_Imagenet_output,ConvReLU2d_83_output2,30720,1.5449025006600527,1.0719893917716434,1.2948503145449366
InceptionV3_Imagenet_output,ConvReLU2d_84_output0,15360,1.5634781281013796,1.2954372944252326,3.865001729940541
InceptionV3_Imagenet_output,ConvReLU2d_84_output1,15360,1.6982461959451032,1.382538253825381,4.363791327817024
InceptionV3_Imagenet_output,ConvReLU2d_84_output2,15360,1.5786633777846275,1.27437152576122,4.261339991677056
InceptionV3_Imagenet_output,ConvReLU2d_85_output0,25600,1.2264648109998557,0.9922480620155034,1.0634320608150205
InceptionV3_Imagenet_output,ConvReLU2d_85_output1,25600,1.2646346885343074,0.9922480620155034,1.0920104082242028
InceptionV3_Imagenet_output,ConvReLU2d_85_output2,25600,1.2172796652480915,0.9922480620155034,1.056519675615443
InceptionV3_Imagenet_output,ConvReLU2d_86_output0,30720,1.8628766344513916,1.129411764705882,1.5110209351655437
InceptionV3_Imagenet_output,ConvReLU2d_86_output1,30720,2.5297223852021093,1.4064646094679967,1.9219670131149833
InceptionV3_Imagenet_output,ConvReLU2d_86_output2,30720,1.9741186109839248,1.199906257323646,1.5833929296248324
InceptionV3_Imagenet_output,ConvReLU2d_87_output0,30720,1.4026916886407992,0.9937566719503118,1.1934384196264674
InceptionV3_Imagenet_output,ConvReLU2d_87_output1,30720,1.5691382381672947,1.0412500423685722,1.31183243390395
InceptionV3_Imagenet_output,ConvReLU2d_87_output2,30720,1.4383790142749278,1.0044467695527068,1.2191746164034938
InceptionV3_Imagenet_output,ConvReLU2d_88_output0,30720,1.3516590492847353,0.9922480620155035,1.1562945502279556
InceptionV3_Imagenet_output,ConvReLU2d_88_output1,30720,1.4923034884780026,1.0297666934835072,1.2576955553849691
InceptionV3_Imagenet_output,ConvReLU2d_88_output2,30720,1.372102371700388,1.0059927301306608,1.1712226924396656
InceptionV3_Imagenet_output,ConvReLU2d_89_output0,35840,1.474972992437882,1.1545275907612018,4.6469263058945485
InceptionV3_Imagenet_output,ConvReLU2d_89_output1,35840,1.482661261130818,1.217143245262514,5.019783605868544
InceptionV3_Imagenet_output,ConvReLU2d_89_output2,35840,1.562583450959447,1.2668787557440786,4.818499596665762
InceptionV3_Imagenet_output,ConvReLU2d_8_output0,128000,1.2765533060736012,1.011409968709504,1.1008858690977894
InceptionV3_Imagenet_output,ConvReLU2d_8_output1,128000,1.3050471167889721,1.014801836157072,1.1220122588605
InceptionV3_Imagenet_output,ConvReLU2d_8_output2,128000,1.2999328452660988,1.0151801151594941,1.1182298770493144
InceptionV3_Imagenet_output,ConvReLU2d_90_output0,30720,1.4637458456920265,1.0176566071487723,2.643006936602675
InceptionV3_Imagenet_output,ConvReLU2d_90_output1,30720,1.6424733338679918,1.1599018312252214,3.8863938263014677
InceptionV3_Imagenet_output,ConvReLU2d_90_output2,30720,1.606621035909705,1.1449442808691435,3.297508352453403
InceptionV3_Imagenet_output,ConvReLU2d_91_output0,30720,1.2981332995277781,0.9952698762392272,1.1168979903471214
InceptionV3_Imagenet_output,ConvReLU2d_91_output1,30720,1.8628766344513916,1.1083450589890675,1.5110209351655437
InceptionV3_Imagenet_output,ConvReLU2d_91_output2,30720,1.6424733338679918,1.1045988997159393,1.3626987823541148
InceptionV3_Imagenet_output,ConvReLU2d_92_output0,30720,1.241927170188896,0.9952698762392272,1.0750374005931598
InceptionV3_Imagenet_output,ConvReLU2d_92_output1,30720,1.9197150422984073,1.2043280539438603,1.5482017651616797
InceptionV3_Imagenet_output,ConvReLU2d_92_output2,30720,1.5090446892384768,1.0632701093728363,1.2695657564392642
InceptionV3_Imagenet_output,ConvReLU2d_93_output0,15360,1.2403476364957744,0.9922480620155031,1.0738536559788157
InceptionV3_Imagenet_output,ConvReLU2d_93_output1,15360,1.323681489141674,0.9952698762392268,1.1357586512866005
InceptionV3_Imagenet_output,ConvReLU2d_93_output2,15360,1.2628333590257426,0.9922480620155031,1.0906670217015035
InceptionV3_Imagenet_output,ConvReLU2d_9_output0,192000,1.2730871368469212,1.0149278978305916,1.0983070626292442
InceptionV3_Imagenet_output,ConvReLU2d_9_output1,192000,1.2911555842479019,1.0159375198425298,1.1117287381878822
InceptionV3_Imagenet_output,ConvReLU2d_9_output2,192000,1.2865226699365784,1.018216530108981,1.108292277454045
ResNet50_Imagenet_output,ConvReLU2d_0_output0,2569011,1.3761018963343643,1.0484720801699783,1.4087728596697255
ResNet50_Imagenet_output,ConvReLU2d_0_output1,2569011,1.4632911619525844,1.0621032038062668,1.438268172747431
ResNet50_Imagenet_output,ConvReLU2d_0_output2,2569011,1.4048013209384618,1.060914539917686,1.4435199959992127
ResNet50_Imagenet_output,ConvReLU2d_10_output0,321126,1.391798118878349,1.0622362712161588,1.8742290441935618
ResNet50_Imagenet_output,ConvReLU2d_10_output1,321126,1.4320285078427788,1.0661654959216234,1.8733610759830628
ResNet50_Imagenet_output,ConvReLU2d_10_output2,321126,1.4197123438564803,1.0776916867629611,1.902023752490724
ResNet50_Imagenet_output,ConvReLU2d_11_output0,321126,1.1984238141048669,1.0033419942909552,1.8860251386413915
ResNet50_Imagenet_output,ConvReLU2d_11_output1,321126,1.2223152242652535,1.0044531063036402,1.892072415281516
ResNet50_Imagenet_output,ConvReLU2d_11_output2,321126,1.2261011599900336,1.0083994554250997,1.9124661147745912
ResNet50_Imagenet_output,ConvReLU2d_12_output0,321126,1.1559533281251688,0.995320794488488,1.8051975158631828
ResNet50_Imagenet_output,ConvReLU2d_12_output1,321126,1.1715979947812498,0.9964822334946613,1.7909087486456827
ResNet50_Imagenet_output,ConvReLU2d_12_output2,321126,1.1774512050898889,0.9986392992157698,1.7879879858976993
ResNet50_Imagenet_output,ConvReLU2d_13_output0,321126,1.1915941414500342,0.994623997323615,2.070129798959094
ResNet50_Imagenet_output,ConvReLU2d_13_output1,321126,1.203766456455795,0.9978044994553977,2.0976443899308
ResNet50_Imagenet_output,ConvReLU2d_13_output2,321126,1.2132586810655992,0.9984529775129787,2.0812417913543566
ResNet50_Imagenet_output,ConvReLU2d_14_output0,321126,1.1673046152699584,0.9935591075271646,2.3068282440760037
ResNet50_Imagenet_output,ConvReLU2d_14_output1,321126,1.1805194148655045,0.9963492721041256,2.2994766722586166
ResNet50_Imagenet_output,ConvReLU2d_14_output2,321126,1.1812034120433172,0.9970887398668739,2.277504546224306
ResNet50_Imagenet_output,ConvReLU2d_15_output0,642252,1.2373448929829314,0.9979900036284047,2.7963843460995874
ResNet50_Imagenet_output,ConvReLU2d_15_output1,642252,1.2614989581054534,1.0061229940869283,2.818064193408435
ResNet50_Imagenet_output,ConvReLU2d_15_output2,642252,1.2788473169923074,1.0138019704923389,2.876095345892516
ResNet50_Imagenet_output,ConvReLU2d_16_output0,160563,1.1658772161587219,0.992824978969766,1.6646434895786069
ResNet50_Imagenet_output,ConvReLU2d_16_output1,160563,1.1747470228701755,0.9931136890951276,1.6527246681605285
ResNet50_Imagenet_output,ConvReLU2d_16_output2,160563,1.192548798903383,0.9922480620155039,1.6654099208989426
ResNet50_Imagenet_output,ConvReLU2d_17_output0,160563,1.2516470502229693,0.9966408573575158,2.064599113446384
ResNet50_Imagenet_output,ConvReLU2d_17_output1,160563,1.2617975143268163,0.9999563914552171,2.093031898420563
ResNet50_Imagenet_output,ConvReLU2d_17_output2,160563,1.2824390886974029,1.0035324201141629,2.095627906976744
ResNet50_Imagenet_output,ConvReLU2d_18_output0,160563,1.2983689700881793,1.0194474436328993,2.3374229108569176
ResNet50_Imagenet_output,ConvReLU2d_18_output1,160563,1.3162277518788668,1.030991669182398,2.3156892447522175
ResNet50_Imagenet_output,ConvReLU2d_18_output2,160563,1.3252995634269435,1.0358753944744536,2.293724880767375
ResNet50_Imagenet_output,ConvReLU2d_19_output0,160563,1.1946457079700357,0.996455243570085,2.270686636841081
ResNet50_Imagenet_output,ConvReLU2d_19_output1,160563,1.1965392410371094,0.9982027474953514,2.2828819763586483
ResNet50_Imagenet_output,ConvReLU2d_19_output2,160563,1.2156650014058625,0.997489373337642,2.3065382957321447
ResNet50_Imagenet_output,ConvReLU2d_1_output0,642252,1.4481107187791713,1.120304916073944,1.926612832161211
ResNet50_Imagenet_output,ConvReLU2d_1_output1,642252,1.5074808950667815,1.12848797827506,1.9038775155530836
ResNet50_Imagenet_output,ConvReLU2d_1_output2,642252,1.5280718425032456,1.1648826619774384,2.0583304188555296
ResNet50_Imagenet_output,ConvReLU2d_20_output0,160563,1.1659439081261305,1.0021915447580871,2.3554133771608012
ResNet50_Imagenet_output,ConvReLU2d_20_output1,160563,1.1611615087460394,1.0025420817588457,2.3539151077422247
ResNet50_Imagenet_output,ConvReLU2d_20_output2,160563,1.171506066469788,0.9985753479199457,2.318586851128601
ResNet50_Imagenet_output,ConvReLU2d_21_output0,160563,1.2556566329209728,1.0004362947357923,2.7085947156820964
ResNet50_Imagenet_output,ConvReLU2d_21_output1,160563,1.258758451137062,1.0057899090157154,2.701113810620641
ResNet50_Imagenet_output,ConvReLU2d_21_output2,160563,1.2706864459360367,1.002354263590096,2.6910096818810505
ResNet50_Imagenet_output,ConvReLU2d_22_output0,160563,1.236161370534773,0.9962449648392162,2.4321980767373095
ResNet50_Imagenet_output,ConvReLU2d_22_output1,160563,1.236386324509815,1.0057079842858128,2.411819284847619
ResNet50_Imagenet_output,ConvReLU2d_22_output2,160563,1.2521083870363814,0.9969317913618126,2.4385211968369953
ResNet50_Imagenet_output,ConvReLU2d_23_output0,160563,1.2927691884855494,1.0081905431887845,2.7772764827255063
ResNet50_Imagenet_output,ConvReLU2d_23_output1,160563,1.3108103142034664,1.0235886055365309,2.7928973491208677
ResNet50_Imagenet_output,ConvReLU2d_23_output2,160563,1.3144452258189332,1.0200305033045247,2.7757336013747924
ResNet50_Imagenet_output,ConvReLU2d_24_output0,160563,1.2765756925949232,1.0128857196945795,2.6675086832964943
ResNet50_Imagenet_output,ConvReLU2d_24_output1,160563,1.2895792911459525,1.0262390670553936,2.6449375066942395
ResNet50_Imagenet_output,ConvReLU2d_24_output2,160563,1.2912949694547098,1.016445556153627,2.6485380502937095
ResNet50_Imagenet_output,ConvReLU2d_25_output0,160563,1.3513969179087748,1.0134676945807208,3.0514719162001076
ResNet50_Imagenet_output,ConvReLU2d_25_output1,160563,1.3633285662868952,1.0285472615775004,3.074015024202467
ResNet50_Imagenet_output,ConvReLU2d_25_output2,160563,1.3827511460147115,1.031024781284927,3.0851450798738154
ResNet50_Imagenet_output,ConvReLU2d_26_output0,160563,1.4850053428440582,1.0213090867443355,2.8641184460865543
ResNet50_Imagenet_output,ConvReLU2d_26_output1,160563,1.487606522736435,1.0369126216100983,2.8942657702025603
ResNet50_Imagenet_output,ConvReLU2d_26_output2,160563,1.5121065460840073,1.0413390424289606,2.9128259104168834
ResNet50_Imagenet_output,ConvReLU2d_27_output0,321126,1.2988674936755713,1.01870444252322,3.4748702353687584
ResNet50_Imagenet_output,ConvReLU2d_27_output1,321126,1.3290547567430526,1.0449209120538134,3.5722536439378025
ResNet50_Imagenet_output,ConvReLU2d_27_output2,321126,1.3247796378174563,1.0434302222612182,3.557008002459312
ResNet50_Imagenet_output,ConvReLU2d_28_output0,80281,1.2712412088956468,0.9922480620155038,2.5451028271520757
ResNet50_Imagenet_output,ConvReLU2d_28_output1,80281,1.270924142190339,0.9936116476006535,2.5777192503492903
ResNet50_Imagenet_output,ConvReLU2d_28_output2,80281,1.2688670575749847,0.9928249789697657,2.5432679738562083
ResNet50_Imagenet_output,ConvReLU2d_29_output0,80281,1.2917041373691036,0.9973034433909508,3.209678306296397
ResNet50_Imagenet_output,ConvReLU2d_29_output1,80281,1.2992793788209007,1.0029994001199758,3.281380325455882
ResNet50_Imagenet_output,ConvReLU2d_29_output2,80281,1.2903957118653262,1.008545290037197,3.2238122495706913
ResNet50_Imagenet_output,ConvReLU2d_2_output0,642252,1.4745820063180135,1.146217512548801,1.7407508044914646
ResNet50_Imagenet_output,ConvReLU2d_2_output1,642252,1.5073973051259641,1.151034782491812,1.7471948550465404
ResNet50_Imagenet_output,ConvReLU2d_2_output2,642252,1.5407743276250625,1.2048163388583473,1.7752636072549912
ResNet50_Imagenet_output,ConvReLU2d_30_output0,80281,1.309967865340474,1.006811937826954,2.8351747343878326
ResNet50_Imagenet_output,ConvReLU2d_30_output1,80281,1.3232346340045873,1.0266066311911581,3.0680071868190666
ResNet50_Imagenet_output,ConvReLU2d_30_output2,80281,1.30426780588583,1.0126684500075707,2.9074573876501155
ResNet50_Imagenet_output,ConvReLU2d_31_output0,80281,1.2760162650099567,1.0127834635235917,3.425845592354851
ResNet50_Imagenet_output,ConvReLU2d_31_output1,80281,1.3496966562819264,1.0555555555555554,3.723506794021955
ResNet50_Imagenet_output,ConvReLU2d_31_output2,80281,1.3150388644812434,1.0456399098406575,3.5426465232792945
ResNet50_Imagenet_output,ConvReLU2d_32_output0,80281,1.3516657719392424,1.0076209368604752,2.4362634610568485
ResNet50_Imagenet_output,ConvReLU2d_32_output1,80281,1.5293520748326053,1.059653014338905,3.407861912293923
ResNet50_Imagenet_output,ConvReLU2d_32_output2,80281,1.4396921710818407,1.0311837489881661,2.843713736502227
ResNet50_Imagenet_output,ConvReLU2d_3_output0,642252,1.416568652264753,1.1463484507321304,2.2284563297299265
ResNet50_Imagenet_output,ConvReLU2d_3_output1,642252,1.4666002147697905,1.158271285876986,2.2076997412851864
ResNet50_Imagenet_output,ConvReLU2d_3_output2,642252,1.5042832335976264,1.2126670688497847,2.298012800729937
ResNet50_Imagenet_output,ConvReLU2d_4_output0,642252,1.458156666019596,1.0901878173752078,2.139195603297527
ResNet50_Imagenet_output,ConvReLU2d_4_output1,642252,1.5123450249019816,1.1087526791317326,2.1694612955407124
ResNet50_Imagenet_output,ConvReLU2d_4_output2,642252,1.538449100586135,1.1407287811818116,2.2377982997172
ResNet50_Imagenet_output,ConvReLU2d_5_output0,642252,1.1768513536635394,1.0050617717687875,1.9978698906831631
ResNet50_Imagenet_output,ConvReLU2d_5_output1,642252,1.2055555907513815,1.007278079735006,1.9954637253378904
ResNet50_Imagenet_output,ConvReLU2d_5_output2,642252,1.2164163362191118,1.0189409354094825,2.0483298556100316
ResNet50_Imagenet_output,ConvReLU2d_6_output0,642252,1.2948883122538968,0.998860759985847,2.4003173065198733
ResNet50_Imagenet_output,ConvReLU2d_6_output1,642252,1.3257687475470445,0.9988017302983389,2.449902107291934
ResNet50_Imagenet_output,ConvReLU2d_6_output2,642252,1.3454092105666282,1.0002094671358523,2.5089178328823754
ResNet50_Imagenet_output,ConvReLU2d_7_output0,1284505,1.2192533013256561,1.0018360129971626,2.2699728023157792
ResNet50_Imagenet_output,ConvReLU2d_7_output1,1284505,1.240129556696261,1.0011199936401196,2.26999887779546
ResNet50_Imagenet_output,ConvReLU2d_7_output2,1284505,1.2560685152283566,1.0145602924380315,2.304521359204358
ResNet50_Imagenet_output,ConvReLU2d_8_output0,321126,1.1585152338179303,0.9939404820683154,1.7599383916324436
ResNet50_Imagenet_output,ConvReLU2d_8_output1,321126,1.1767375829342852,0.993992790109851,1.777984506426123
ResNet50_Imagenet_output,ConvReLU2d_8_output2,321126,1.1863932859675854,0.9945839457434336,1.7855457698750878
ResNet50_Imagenet_output,ConvReLU2d_9_output0,321126,1.3382151601979682,1.0523041931514099,1.7343124201611226
ResNet50_Imagenet_output,ConvReLU2d_9_output1,321126,1.3676158734130712,1.0474160217254793,1.7420280655495786
ResNet50_Imagenet_output,ConvReLU2d_9_output2,321126,1.3689015177959052,1.059285590571313,1.7424416530208289