Model Name,Param Name,File Size(Bytes),Comp Ratio(BDI1B),Comp Ratio(BDI2B),Comp Ratio(BDIZV),Comp Ratio(EBDI)
GoogLeNet_Imagenet_output,ConvReLU2d_0_output0,2569011,1.3910982943483112,1.0970439990246448,1.436259405681811,1.5166323330650848
GoogLeNet_Imagenet_output,ConvReLU2d_0_output1,2569011,1.469027392512261,1.0985104240384678,1.480390321444622,1.5803302720237355
GoogLeNet_Imagenet_output,ConvReLU2d_0_output2,2569011,1.4203406424100609,1.1049333094192624,1.4554735851368281,1.5413116502386026
GoogLeNet_Imagenet_output,ConvReLU2d_10_output0,321126,1.1199763461933463,0.9966965549787635,2.189011438604865,1.9953290415211848
GoogLeNet_Imagenet_output,ConvReLU2d_10_output1,321126,1.1270297525898243,0.9973871032886459,2.1870037988685995,1.990382089140441
GoogLeNet_Imagenet_output,ConvReLU2d_10_output2,321126,1.138258355578977,1.0005454279115722,2.191542541163018,1.9886081712676893
GoogLeNet_Imagenet_output,ConvReLU2d_11_output0,481689,1.1236511009022891,0.996960461157136,3.0739809736542947,2.855235780550698
GoogLeNet_Imagenet_output,ConvReLU2d_11_output1,481689,1.1320781102965523,1.0014980969698104,3.157083526896944,2.9368636865973095
GoogLeNet_Imagenet_output,ConvReLU2d_11_output2,481689,1.134406079194151,1.001575150263097,3.0844336364153024,2.860271499661516
GoogLeNet_Imagenet_output,ConvReLU2d_12_output0,80281,1.1294216984036236,1.0076272622836586,1.4463081352129423,1.3990076939670666
GoogLeNet_Imagenet_output,ConvReLU2d_12_output1,80281,1.134745355314877,0.9984635385888191,1.4177626639579557,1.3812890206489419
GoogLeNet_Imagenet_output,ConvReLU2d_12_output2,80281,1.1419221274446332,1.004034603764379,1.4219103997661329,1.3963363048570163
GoogLeNet_Imagenet_output,ConvReLU2d_13_output0,240844,1.1329652353903408,1.0011205891097035,3.080470064419552,2.8577761754062676
GoogLeNet_Imagenet_output,ConvReLU2d_13_output1,240844,1.1388352820978545,1.0011205891097035,3.137108766146514,2.908533022066051
GoogLeNet_Imagenet_output,ConvReLU2d_13_output2,240844,1.1548782162242863,1.0049859437709097,3.1287414985323947,2.8924512066746653
GoogLeNet_Imagenet_output,ConvReLU2d_14_output0,160563,1.2106997491097213,1.039168209656744,1.842144072440773,1.7429432364199036
GoogLeNet_Imagenet_output,ConvReLU2d_14_output1,160563,1.2265616716671106,1.0425700515725067,1.7891721378172614,1.7006902908969541
GoogLeNet_Imagenet_output,ConvReLU2d_14_output2,160563,1.2486772692575105,1.0521927236971484,1.8424982638191385,1.7584454532382965
GoogLeNet_Imagenet_output,ConvReLU2d_15_output0,120422,1.1391795341549116,1.0008651094696213,2.1565767570244003,1.9655473784805884
GoogLeNet_Imagenet_output,ConvReLU2d_15_output1,120422,1.1469370052094503,0.999011947957057,2.156127500391998,1.9616498433834868
GoogLeNet_Imagenet_output,ConvReLU2d_15_output2,120422,1.1565630410725505,0.999011947957057,2.202326885017102,1.9966106405972237
GoogLeNet_Imagenet_output,ConvReLU2d_16_output0,60211,1.1452040061200643,0.9961089494163422,2.044302856536051,1.8427843933070407
GoogLeNet_Imagenet_output,ConvReLU2d_16_output1,60211,1.1465899859201567,0.9961089494163422,2.0489154728708563,1.8409728145906883
GoogLeNet_Imagenet_output,ConvReLU2d_16_output2,60211,1.1617039354265628,0.9961089494163422,2.0473030457716512,1.824585347360439
GoogLeNet_Imagenet_output,ConvReLU2d_17_output0,130457,1.1490679878293866,0.9995133931821403,2.7254386743910266,2.47415131964253
GoogLeNet_Imagenet_output,ConvReLU2d_17_output1,130457,1.1511609177902955,0.9975564333869974,2.7577589191560654,2.509894476556091
GoogLeNet_Imagenet_output,ConvReLU2d_17_output2,130457,1.154557957712739,0.9982817540650483,2.7246629605161794,2.4623574969971416
GoogLeNet_Imagenet_output,ConvReLU2d_18_output0,10035,1.1414362272240068,1.0089944416371892,1.215023502745788,1.2757882631057704
GoogLeNet_Imagenet_output,ConvReLU2d_18_output1,10035,1.143511625243384,0.9961089494163411,1.2108055665039548,1.2663823310237647
GoogLeNet_Imagenet_output,ConvReLU2d_18_output2,10035,1.143511625243384,1.0089944416371892,1.2245799092358622,1.2802462011925348
GoogLeNet_Imagenet_output,ConvReLU2d_19_output0,30105,1.160992131074776,1.0035196583762862,1.8666997641802145,1.6829501982697717
GoogLeNet_Imagenet_output,ConvReLU2d_19_output1,30105,1.1659931583180698,1.0099212677735059,1.8696003480638932,1.6939559898069791
GoogLeNet_Imagenet_output,ConvReLU2d_19_output2,30105,1.1768560767225649,1.0110414600944486,1.8505929218512067,1.6793680037964427
GoogLeNet_Imagenet_output,ConvReLU2d_1_output0,642252,1.3527048525518723,1.0215151344029791,1.7987524924766158,1.6527584751433542
GoogLeNet_Imagenet_output,ConvReLU2d_1_output1,642252,1.4192922777790518,1.025421732823105,1.7607707978602354,1.6371824088092986
GoogLeNet_Imagenet_output,ConvReLU2d_1_output2,642252,1.3990682515159907,1.0334217079774544,1.8923895294376363,1.73636343050045
GoogLeNet_Imagenet_output,ConvReLU2d_20_output0,40140,1.1738001501528992,1.004047365453292,1.8908147011975684,1.7385776201092462
GoogLeNet_Imagenet_output,ConvReLU2d_20_output1,40140,1.178734296390008,1.0008368618928063,1.9258182167771232,1.7742153335178514
GoogLeNet_Imagenet_output,ConvReLU2d_20_output2,40140,1.1732544603963653,1.0008368618928063,1.8382303179073052,1.6759410801963985
GoogLeNet_Imagenet_output,ConvReLU2d_21_output0,100352,1.1630345498980843,0.9961089494163423,1.8916181872589277,1.7231878769666655
GoogLeNet_Imagenet_output,ConvReLU2d_21_output1,100352,1.1675455563473478,0.9979911291445391,1.9187075033160852,1.7463151483511699
GoogLeNet_Imagenet_output,ConvReLU2d_21_output2,100352,1.176016652579553,0.9961089494163423,1.9711551210217977,1.7888017183562421
GoogLeNet_Imagenet_output,ConvReLU2d_22_output0,70246,1.1732365448866175,0.99745460233494,2.173440852718582,1.9231628659359934
GoogLeNet_Imagenet_output,ConvReLU2d_22_output1,70246,1.1769868070558127,0.99745460233494,2.1948807810250948,1.9468356011351722
GoogLeNet_Imagenet_output,ConvReLU2d_22_output2,70246,1.1826573709545525,0.99745460233494,2.1294313188272698,1.8719105996163783
GoogLeNet_Imagenet_output,ConvReLU2d_23_output0,140492,1.2499630016613088,0.9999465901362664,2.826529919003177,2.451252217593673
GoogLeNet_Imagenet_output,ConvReLU2d_23_output1,140492,1.264255865593582,1.0033405145464225,2.86268963285194,2.473734975842431
GoogLeNet_Imagenet_output,ConvReLU2d_23_output2,140492,1.2653410185330158,0.9997116544980118,2.854505905551828,2.4445469659908943
GoogLeNet_Imagenet_output,ConvReLU2d_24_output0,15052,1.1448994218548414,0.9961089494163415,1.5656878503940075,1.480957737425677
GoogLeNet_Imagenet_output,ConvReLU2d_24_output1,15052,1.147685145271143,0.9961089494163415,1.5599999999999978,1.4608415738968195
GoogLeNet_Imagenet_output,ConvReLU2d_24_output2,15052,1.1490830967543915,0.9961089494163415,1.5210237659963417,1.4313123469326785
GoogLeNet_Imagenet_output,ConvReLU2d_25_output0,40140,1.219163544380836,1.0146509478162866,2.4964132441252738,2.243460609666467
GoogLeNet_Imagenet_output,ConvReLU2d_25_output1,40140,1.2227075568509111,1.0179508352918754,2.514391508656869,2.253524295668191
GoogLeNet_Imagenet_output,ConvReLU2d_25_output2,40140,1.1960518705103083,1.008851117406358,2.4334489905930394,2.1747467413946344
GoogLeNet_Imagenet_output,ConvReLU2d_26_output0,40140,1.1966189779277794,1.0081149428179608,2.494101534534813,2.2525740229254945
GoogLeNet_Imagenet_output,ConvReLU2d_26_output1,40140,1.1870507060928044,1.004047365453292,2.3342388335797346,2.116918199531058
GoogLeNet_Imagenet_output,ConvReLU2d_26_output2,40140,1.2040406165358732,1.0057108430710526,2.3287099938242437,2.0914595949049892
GoogLeNet_Imagenet_output,ConvReLU2d_27_output0,80281,1.1406339105362175,0.9961089494163422,1.6856166217727575,1.557378560235966
GoogLeNet_Imagenet_output,ConvReLU2d_27_output1,80281,1.1460640462675376,0.9972848542084758,1.7095022046137127,1.5800174724071312
GoogLeNet_Imagenet_output,ConvReLU2d_27_output2,80281,1.1512838904030984,0.9972848542084758,1.7106636718968558,1.581044642703236
GoogLeNet_Imagenet_output,ConvReLU2d_28_output0,80281,1.3082968756049398,0.9972848542084758,2.605767162483004,2.166658230154792
GoogLeNet_Imagenet_output,ConvReLU2d_28_output1,80281,1.3082968756049398,0.9961089494163422,2.6214707719695074,2.1852415328221193
GoogLeNet_Imagenet_output,ConvReLU2d_28_output2,80281,1.32440560911915,0.9988736285961428,2.5914947205269776,2.155840143980551
GoogLeNet_Imagenet_output,ConvReLU2d_29_output0,160563,1.2323922169308816,1.0000560737182482,2.7934077026156863,2.434808330062515
GoogLeNet_Imagenet_output,ConvReLU2d_29_output1,160563,1.229395286138551,1.0010602337503587,2.769113324606821,2.420584742407962
GoogLeNet_Imagenet_output,ConvReLU2d_29_output2,160563,1.2346495213206299,0.9982834539891037,2.787555926044115,2.4230237982021143
GoogLeNet_Imagenet_output,ConvReLU2d_2_output0,1926758,1.2234196843813738,1.0140785764363327,1.9385560687475152,1.8208248784019716
GoogLeNet_Imagenet_output,ConvReLU2d_2_output1,1926758,1.2588107782131643,1.0171005821261356,1.8994251290652966,1.7789003172838627
GoogLeNet_Imagenet_output,ConvReLU2d_2_output2,1926758,1.2641341796189878,1.0278036656518383,2.0166563478186235,1.8949713681109224
GoogLeNet_Imagenet_output,ConvReLU2d_30_output0,15052,1.2017814869798968,1.0111062350200848,1.947780848642494,1.783361367053182
GoogLeNet_Imagenet_output,ConvReLU2d_30_output1,15052,1.1987273127488831,1.0111062350200848,1.8665461853646348,1.6905319599266238
GoogLeNet_Imagenet_output,ConvReLU2d_30_output2,15052,1.206392041163616,1.0133640085258981,1.874460229050626,1.6973097029197985
GoogLeNet_Imagenet_output,ConvReLU2d_31_output0,40140,1.3798043807687004,1.0187014506019805,3.3255032164349414,2.763225050003446
GoogLeNet_Imagenet_output,ConvReLU2d_31_output1,40140,1.3560790685079875,1.018597851649399,3.321884230709433,2.798913660457762
GoogLeNet_Imagenet_output,ConvReLU2d_31_output2,40140,1.3896816209021097,1.032910087012568,3.302545079855741,2.7649890439793623
GoogLeNet_Imagenet_output,ConvReLU2d_32_output0,40140,1.2011752713317738,1.004047365453292,2.4300910586611857,2.170725760572155
GoogLeNet_Imagenet_output,ConvReLU2d_32_output1,40140,1.193788805995165,1.0048784158316504,2.2853557320707885,2.0431564788902974
GoogLeNet_Imagenet_output,ConvReLU2d_32_output2,40140,1.202892839584013,0.9992891438548354,2.268115942028984,2.028313050962225
GoogLeNet_Imagenet_output,ConvReLU2d_33_output0,70246,1.1801303890641428,0.9961089494163422,1.9670149782144615,1.7382760105445427
GoogLeNet_Imagenet_output,ConvReLU2d_33_output1,70246,1.1899830987588083,0.9961089494163422,1.973191555199234,1.7426323079120778
GoogLeNet_Imagenet_output,ConvReLU2d_33_output2,70246,1.1826573709545525,0.9961089494163422,1.9527499869503933,1.7227731283348575
GoogLeNet_Imagenet_output,ConvReLU2d_34_output0,90316,1.1936606618771648,0.9961089494163422,2.469512507996017,2.175984953295535
GoogLeNet_Imagenet_output,ConvReLU2d_34_output1,90316,1.1891658608982985,0.9961089494163422,2.474447300771207,2.1833292504786006
GoogLeNet_Imagenet_output,ConvReLU2d_34_output2,90316,1.1800320376605966,0.9971546175308709,2.4419053031071773,2.1574967873046225
GoogLeNet_Imagenet_output,ConvReLU2d_35_output0,180633,1.2599774316365202,1.0070731768517254,3.310036425282352,2.9250686797892125
GoogLeNet_Imagenet_output,ConvReLU2d_35_output1,180633,1.250284693690357,1.0076069279671065,3.3295096057904345,2.9689576025825164
GoogLeNet_Imagenet_output,ConvReLU2d_35_output2,180633,1.2418233917947712,1.0028011671066914,3.2373044271224254,2.8590164453441127
GoogLeNet_Imagenet_output,ConvReLU2d_36_output0,20070,1.1508353325120484,0.9961089494163419,1.7934658134051848,1.6388370232061866
GoogLeNet_Imagenet_output,ConvReLU2d_36_output1,20070,1.1571878735195038,0.9961089494163419,1.8120398833898592,1.6711546307629521
GoogLeNet_Imagenet_output,ConvReLU2d_36_output2,20070,1.1540028607342543,0.9961089494163419,1.8098021888382823,1.660972186119052
GoogLeNet_Imagenet_output,ConvReLU2d_37_output0,40140,1.1754402693326091,0.9992891438548354,2.5223858279490328,2.2869537917059093
GoogLeNet_Imagenet_output,ConvReLU2d_37_output1,40140,1.1683659892463314,1.0008368618928063,2.5537787339149816,2.3180322415002625
GoogLeNet_Imagenet_output,ConvReLU2d_37_output2,40140,1.172164601588671,1.004047365453292,2.5111017095222405,2.280088212278579
GoogLeNet_Imagenet_output,ConvReLU2d_38_output0,40140,1.2023197713239646,1.0170980312511897,2.4267975043915424,2.206531916065428
GoogLeNet_Imagenet_output,ConvReLU2d_38_output1,40140,1.1837100997529255,0.9984673088185814,2.3133977162819552,2.103248922166297
GoogLeNet_Imagenet_output,ConvReLU2d_38_output2,40140,1.1837100997529255,1.004047365453292,2.3125130772949287,2.102572849289546
GoogLeNet_Imagenet_output,ConvReLU2d_39_output0,160563,1.2722450374759118,1.062669650305205,4.585238350294588,4.292998656030809
GoogLeNet_Imagenet_output,ConvReLU2d_39_output1,160563,1.315274584014053,1.0986222048828567,4.6565878176233575,4.365164242323289
GoogLeNet_Imagenet_output,ConvReLU2d_39_output2,160563,1.286162863722001,1.0691890091590341,4.564181672128582,4.262106597805377
GoogLeNet_Imagenet_output,ConvReLU2d_3_output0,160563,1.187661453000702,1.0022478645286976,1.5018842325641233,1.4353102396811255
GoogLeNet_Imagenet_output,ConvReLU2d_3_output1,160563,1.2109897592253263,0.9988736285961429,1.5112327748231436,1.4526334365787381
GoogLeNet_Imagenet_output,ConvReLU2d_3_output2,160563,1.2089626012218648,1.0036704705330624,1.500089367801657,1.449283933450787
GoogLeNet_Imagenet_output,ConvReLU2d_40_output0,100352,1.1848336056271094,0.9979911291445391,2.85622393943275,2.5451640310942585
GoogLeNet_Imagenet_output,ConvReLU2d_40_output1,100352,1.187504529970283,0.9992631390277417,2.8794892487580914,2.5684194361619075
GoogLeNet_Imagenet_output,ConvReLU2d_40_output2,100352,1.1788677339113016,0.9979911291445391,2.8334915699305747,2.5275671863587124
GoogLeNet_Imagenet_output,ConvReLU2d_41_output0,200704,1.5161918431713237,1.1915813221717577,5.176318877583915,4.781057195264297
GoogLeNet_Imagenet_output,ConvReLU2d_41_output1,200704,1.5710177655711701,1.2525055853022304,5.346653080524529,4.963620625695559
GoogLeNet_Imagenet_output,ConvReLU2d_41_output2,200704,1.4787725401022485,1.1638725390704283,5.16478009270428,4.770828876369772
GoogLeNet_Imagenet_output,ConvReLU2d_42_output0,20070,1.2967707369343908,0.9961089494163419,1.6270026379312084,1.4716303236326438
GoogLeNet_Imagenet_output,ConvReLU2d_42_output1,20070,1.2809237430839537,0.9961089494163419,1.6632376827287476,1.4960665318048985
GoogLeNet_Imagenet_output,ConvReLU2d_42_output2,20070,1.2528548123980414,0.9961089494163419,1.5746081813701316,1.4415376979650756
GoogLeNet_Imagenet_output,ConvReLU2d_43_output0,80281,1.4003441710124251,1.1067884847440095,4.117539921759762,3.688680275079138
GoogLeNet_Imagenet_output,ConvReLU2d_43_output1,80281,1.4011203760483064,1.1253654535129107,4.060639408025802,3.678262065172554
GoogLeNet_Imagenet_output,ConvReLU2d_43_output2,80281,1.3662834123888379,1.1080568000607485,4.101730647603348,3.717104349034318
GoogLeNet_Imagenet_output,ConvReLU2d_44_output0,80281,1.3714725138578856,1.1025160213480596,3.604136026316083,3.2123923028429036
GoogLeNet_Imagenet_output,ConvReLU2d_44_output1,80281,1.3865180914126523,1.116255780799054,3.6638837688387706,3.2951223517819
GoogLeNet_Imagenet_output,ConvReLU2d_44_output2,80281,1.343053356231866,1.0734649929444178,3.5640029309234613,3.1782037066370967
GoogLeNet_Imagenet_output,ConvReLU2d_45_output0,40140,1.2352755274294123,1.001662603912744,3.938703533026109,3.5479593079247667
GoogLeNet_Imagenet_output,ConvReLU2d_45_output1,40140,1.238913971179417,1.0008368618928063,4.006800680068002,3.621399920908419
GoogLeNet_Imagenet_output,ConvReLU2d_45_output2,40140,1.2185748720639333,1.001662603912744,4.012770272808078,3.637180694726565
GoogLeNet_Imagenet_output,ConvReLU2d_46_output0,25088,1.2611867612590244,0.996108949416342,2.5118456128055233,2.100820633059787
GoogLeNet_Imagenet_output,ConvReLU2d_46_output1,25088,1.2482368306486715,0.996108949416342,2.570393043300075,2.1820395738203935
GoogLeNet_Imagenet_output,ConvReLU2d_46_output2,25088,1.1467882569394443,0.996108949416342,2.380858610422422,2.1482210900372456
GoogLeNet_Imagenet_output,ConvReLU2d_47_output0,50176,1.3358092233558954,1.0095165281773733,3.6402285299718837,3.1656782334384834
GoogLeNet_Imagenet_output,ConvReLU2d_47_output1,50176,1.3518060766075524,1.0245854774156657,3.945196862775928,3.4880778588807755
GoogLeNet_Imagenet_output,ConvReLU2d_47_output2,50176,1.3011646715224356,1.0133904227172659,3.622848581665896,3.2016334864726876
GoogLeNet_Imagenet_output,ConvReLU2d_48_output0,5017,1.2141554177307514,0.9961089494163399,1.3886918422699723,1.2729417014630375
GoogLeNet_Imagenet_output,ConvReLU2d_48_output1,5017,1.2002524569470705,0.9961089494163399,1.4236418080707207,1.298393913778525
GoogLeNet_Imagenet_output,ConvReLU2d_48_output2,5017,1.1190943227035781,0.9961089494163399,1.291215364221277,1.234001792170067
GoogLeNet_Imagenet_output,ConvReLU2d_49_output0,20070,1.28747934716905,1.0056406124093467,3.4451345755693508,3.031195445920298
GoogLeNet_Imagenet_output,ConvReLU2d_49_output1,20070,1.3353172281200356,1.0407046437692182,3.7871079395936467,3.357941646346583
GoogLeNet_Imagenet_output,ConvReLU2d_49_output2,20070,1.2954351933697166,1.01535645276111,3.7375760411792145,3.3494925773714597
GoogLeNet_Imagenet_output,ConvReLU2d_4_output0,240844,1.18040526668975,1.0024627721696335,1.8980509479198382,1.7370723590763362
GoogLeNet_Imagenet_output,ConvReLU2d_4_output1,240844,1.1982173650146686,1.0064773418443809,1.8459008443933753,1.6847909563404109
GoogLeNet_Imagenet_output,ConvReLU2d_4_output2,240844,1.2031602144788194,1.0103672929846095,1.8514740515028882,1.7085847748624408
GoogLeNet_Imagenet_output,ConvReLU2d_50_output0,20070,1.2060064775738533,1.0008520876146554,2.561683157202645,2.261061571125262
GoogLeNet_Imagenet_output,ConvReLU2d_50_output1,20070,1.217681630039561,1.0008520876146554,2.7203896391410183,2.390947733940007
GoogLeNet_Imagenet_output,ConvReLU2d_50_output2,20070,1.1968263244251638,0.9961089494163419,2.704362694475947,2.396183961839615
GoogLeNet_Imagenet_output,ConvReLU2d_51_output0,60211,1.1916587846704663,0.9961089494163422,2.0609003592701542,1.798653103020427
GoogLeNet_Imagenet_output,ConvReLU2d_51_output1,60211,1.2137964429469263,0.9961089494163422,2.234499921071935,1.9269544606465348
GoogLeNet_Imagenet_output,ConvReLU2d_51_output2,60211,1.1927840136012269,0.9961089494163422,2.15850633944629,1.8861742735987328
GoogLeNet_Imagenet_output,ConvReLU2d_52_output0,30105,1.497802840746411,1.032984769656072,4.839903459372476,4.214434578539021
GoogLeNet_Imagenet_output,ConvReLU2d_52_output1,30105,1.720897635768124,1.1294046970920077,5.853278848024893,5.331088415782349
GoogLeNet_Imagenet_output,ConvReLU2d_52_output2,30105,1.1462431765568877,0.9992525537746031,4.573426839234459,4.423285480580107
GoogLeNet_Imagenet_output,ConvReLU2d_53_output0,60211,1.2033895338515812,0.9961089494163422,2.0160351197607294,1.767819427354037
GoogLeNet_Imagenet_output,ConvReLU2d_53_output1,60211,1.326841748316911,0.9998005716944756,2.7481456526332004,2.3362539744180957
GoogLeNet_Imagenet_output,ConvReLU2d_53_output2,60211,1.2644200581662648,1.0008318083513557,2.314313467142403,1.99835574120363
GoogLeNet_Imagenet_output,ConvReLU2d_54_output0,7526,1.3879554111845915,0.9961089494163408,4.245318084345931,3.6495022735651736
GoogLeNet_Imagenet_output,ConvReLU2d_54_output1,7526,1.4131195127174059,1.0221671485611987,4.825087334470673,4.24167976003425
GoogLeNet_Imagenet_output,ConvReLU2d_54_output2,7526,1.1136278406960152,0.9961089494163408,3.865156839776104,3.6784342871299165
GoogLeNet_Imagenet_output,ConvReLU2d_55_output0,20070,1.278320156204986,0.9961089494163419,2.33073623391403,1.9650158683297636
GoogLeNet_Imagenet_output,ConvReLU2d_55_output1,20070,1.3324880718027414,1.0008520876146554,2.926357441195862,2.456239621132907
GoogLeNet_Imagenet_output,ConvReLU2d_55_output2,20070,1.2616514630967886,0.9961089494163419,2.4352333185968833,2.1133513256072365
GoogLeNet_Imagenet_output,ConvReLU2d_56_output0,20070,1.1733803437637718,0.9961089494163419,1.8493812010141566,1.6284456043059843
GoogLeNet_Imagenet_output,ConvReLU2d_56_output1,20070,1.2060064775738533,0.9961089494163419,2.237969150590507,1.9546767167539498
GoogLeNet_Imagenet_output,ConvReLU2d_56_output2,20070,1.170105698024479,0.9961089494163419,2.0820060996272423,1.8535872176001649
GoogLeNet_Imagenet_output,ConvReLU2d_5_output0,321126,1.1266530027795716,1.00646471993529,1.8965847779433638,1.7558078163157593
GoogLeNet_Imagenet_output,ConvReLU2d_5_output1,321126,1.1319505293500587,1.0068814101558825,1.8360425089275183,1.702873450421443
GoogLeNet_Imagenet_output,ConvReLU2d_5_output2,321126,1.14964758862883,1.0163457976768262,1.8591293583659996,1.725413685377406
GoogLeNet_Imagenet_output,ConvReLU2d_6_output0,40140,1.2758676968763305,1.1259151011002286,1.6879535711652491,1.6718934201329112
GoogLeNet_Imagenet_output,ConvReLU2d_6_output1,40140,1.284962294483889,1.1381979857668427,1.6360332400922875,1.6318018898664053
GoogLeNet_Imagenet_output,ConvReLU2d_6_output2,40140,1.2955161862724884,1.137131909458596,1.6541274223931044,1.6520981634304617
GoogLeNet_Imagenet_output,ConvReLU2d_7_output0,80281,1.3384309425434955,1.0985169419027216,2.2989812908423586,2.0411700561756665
GoogLeNet_Imagenet_output,ConvReLU2d_7_output1,80281,1.3685024970106208,1.1131747033489834,2.3196548958401064,2.0349658328790388
GoogLeNet_Imagenet_output,ConvReLU2d_7_output2,80281,1.3789542638073042,1.1181063967622615,2.3692420099412153,2.092233895565577
GoogLeNet_Imagenet_output,ConvReLU2d_8_output0,80281,1.2952245695011535,1.0589609104403759,2.163329256335351,1.971346986398108
GoogLeNet_Imagenet_output,ConvReLU2d_8_output1,80281,1.297884727343295,1.0363167986984057,2.089551073011657,1.889949575676224
GoogLeNet_Imagenet_output,ConvReLU2d_8_output2,80281,1.3133952205807142,1.0662769455608327,2.044751877400492,1.880831019088128
GoogLeNet_Imagenet_output,ConvReLU2d_9_output0,321126,1.1783875650863627,1.0023636528271724,1.9587294226756318,1.8458446803326585
GoogLeNet_Imagenet_output,ConvReLU2d_9_output1,321126,1.189197999629561,1.0045655813371301,1.949987471811576,1.8413529203839307
GoogLeNet_Imagenet_output,ConvReLU2d_9_output2,321126,1.206222289020816,1.0128505668068566,2.0486207941800547,1.9366269617439198
InceptionV3_Imagenet_output,ConvReLU2d_0_output0,1261670,1.9344485010557242,1.564983960244231,2.0449657488726145,2.2096501685281944
InceptionV3_Imagenet_output,ConvReLU2d_0_output1,1261670,2.069992833764251,1.6077668220184,2.138283918374161,2.3365209892405905
InceptionV3_Imagenet_output,ConvReLU2d_0_output2,1261670,1.9098552263194597,1.5228861210565834,2.023619653797631,2.18683519037463
InceptionV3_Imagenet_output,ConvReLU2d_10_output0,192000,1.2483288566331694,1.0176768346010123,1.0798308546200381,1.246808907865205
InceptionV3_Imagenet_output,ConvReLU2d_10_output1,192000,1.2570216443414386,1.0166529877419184,1.086329225650949,1.2554804664894608
InceptionV3_Imagenet_output,ConvReLU2d_10_output2,192000,1.2536339878456266,1.0141023609570592,1.0837982046769843,1.252101100642517
InceptionV3_Imagenet_output,ConvReLU2d_11_output0,64000,1.3379534538536715,1.0570649929804274,1.1462498376892316,1.336207571494934
InceptionV3_Imagenet_output,ConvReLU2d_11_output1,64000,1.3614486664716672,1.0637413778775033,1.1634512691162766,1.35964096980641
InceptionV3_Imagenet_output,ConvReLU2d_11_output2,64000,1.3577804532653024,1.0654236723822206,1.160771368848705,1.3559824781639145
InceptionV3_Imagenet_output,ConvReLU2d_12_output0,128000,1.1780487187569744,0.9961089494163423,1.0268402401041279,1.1766950038725215
InceptionV3_Imagenet_output,ConvReLU2d_12_output1,128000,1.1861942740641631,0.9961089494163423,1.0330234599224222,1.1848217849849292
InceptionV3_Imagenet_output,ConvReLU2d_12_output2,128000,1.1847998509743936,0.9961089494163423,1.0319657435746525,1.1834305849775968
InceptionV3_Imagenet_output,ConvReLU2d_13_output0,96000,1.1378182335371922,0.9980766231740914,0.9961399576640516,1.1365553493575797
InceptionV3_Imagenet_output,ConvReLU2d_13_output1,96000,1.1589706288472013,0.9980766231740914,1.0123151832778183,1.1576603804301129
InceptionV3_Imagenet_output,ConvReLU2d_13_output2,96000,1.1558692723893231,1.0000520860461481,1.009948253302386,1.1545660229860863
InceptionV3_Imagenet_output,ConvReLU2d_14_output0,128000,1.1806361830401149,0.9968459172150617,1.0288055507274478,1.179276518462472
InceptionV3_Imagenet_output,ConvReLU2d_14_output1,128000,1.1783930585283895,0.9968459172150617,1.0271018475796905,1.1770385526104046
InceptionV3_Imagenet_output,ConvReLU2d_14_output2,128000,1.1872422472733426,0.9968459172150617,1.0338181711716168,1.185867333408222
InceptionV3_Imagenet_output,ConvReLU2d_15_output0,128000,1.1735905452611697,1.0012907263269057,1.023451430033502,1.172247051066012
InceptionV3_Imagenet_output,ConvReLU2d_15_output1,128000,1.1886424287307875,1.002781150848055,1.0348796901828927,1.187264271809314
InceptionV3_Imagenet_output,ConvReLU2d_15_output2,128000,1.1777045801667188,0.999063378083047,1.0265787658598398,1.1763516556230527
InceptionV3_Imagenet_output,ConvReLU2d_16_output0,192000,1.1868344821777794,1.0010427528675705,1.0335089715441876,1.1854605120479371
InceptionV3_Imagenet_output,ConvReLU2d_16_output1,192000,1.1976468111484075,1.0030299864173022,1.0416984567807042,1.196247707386596
InceptionV3_Imagenet_output,ConvReLU2d_16_output2,192000,1.1962253482954956,1.0010427528675705,1.0406229103702545,1.1948295617635871
InceptionV3_Imagenet_output,ConvReLU2d_17_output0,192000,1.3060236087575006,1.0040265648695288,1.1227339741785805,1.3043600101563448
InceptionV3_Imagenet_output,ConvReLU2d_17_output1,192000,1.3233142819727721,1.006025674613571,1.1354882969301896,1.321606371244048
InceptionV3_Imagenet_output,ConvReLU2d_17_output2,192000,1.3135412764953076,1.0020353843745107,1.1282851388099235,1.3118584832661178
InceptionV3_Imagenet_output,ConvReLU2d_18_output0,128000,1.3165439692257845,1.0529346440176037,1.1304998708315577,1.3148534785835533
InceptionV3_Imagenet_output,ConvReLU2d_18_output1,128000,1.3328664829636492,1.0595587930963122,1.142514133591589,1.3311338426480201
InceptionV3_Imagenet_output,ConvReLU2d_18_output2,128000,1.3421851140660737,1.0620643876535014,1.1493543300016273,1.3404281777899951
InceptionV3_Imagenet_output,ConvReLU2d_19_output0,128000,1.1575840407144011,0.9961089494163423,1.011257148669614,1.1562769238065447
InceptionV3_Imagenet_output,ConvReLU2d_19_output1,128000,1.1635980177925953,0.9961089494163423,1.0158437902084165,1.162277291666903
InceptionV3_Imagenet_output,ConvReLU2d_19_output2,128000,1.158582049445657,0.9961089494163423,1.0120187104865497,1.1572726789845382
InceptionV3_Imagenet_output,ConvReLU2d_1_output0,1216614,1.4658625488766652,1.1438070487530605,1.2388623150253728,1.4637671568303046
InceptionV3_Imagenet_output,ConvReLU2d_1_output1,1216614,1.5686019658585835,1.1546362006437045,1.3114575955446457,1.5662027971217687
InceptionV3_Imagenet_output,ConvReLU2d_1_output2,1216614,1.4717747777312329,1.1337811250837628,1.2430825793632445,1.4696624611861624
InceptionV3_Imagenet_output,ConvReLU2d_20_output0,96000,1.0943709718099726,0.9961089494163423,1.7301778613830154,1.608464544666306
InceptionV3_Imagenet_output,ConvReLU2d_20_output1,96000,1.0916052994026018,0.9961089494163423,1.7434772837168753,1.6332571997294913
InceptionV3_Imagenet_output,ConvReLU2d_20_output2,96000,1.0902276985974673,0.9961089494163423,1.738071690931022,1.6247366149628084
InceptionV3_Imagenet_output,ConvReLU2d_21_output0,128000,1.1300046016788954,0.9968459172150617,0.9901459208212021,1.128758993420349
InceptionV3_Imagenet_output,ConvReLU2d_21_output1,128000,1.1407157545767876,0.9975839763073805,0.9983601155133851,1.139446433777465
InceptionV3_Imagenet_output,ConvReLU2d_21_output2,128000,1.135414853310832,0.9968459172150617,0.9942973551107757,1.134157295655092
InceptionV3_Imagenet_output,ConvReLU2d_22_output0,128000,1.2465276171602053,0.9998047256395234,1.0784827937759744,1.2450120488959027
InceptionV3_Imagenet_output,ConvReLU2d_22_output1,128000,1.2398190154819977,0.9998047256395234,1.0734574029249617,1.2383197065762757
InceptionV3_Imagenet_output,ConvReLU2d_22_output2,128000,1.2365865381131909,0.9968459172150617,1.0710333589237786,1.235095032360937
InceptionV3_Imagenet_output,ConvReLU2d_23_output0,192000,1.1867180293063726,1.0005471742359102,1.033420662761736,1.1853443286367151
InceptionV3_Imagenet_output,ConvReLU2d_23_output1,192000,1.1848578864788892,0.9995574875706068,1.0320097718425272,1.183488486413768
InceptionV3_Imagenet_output,ConvReLU2d_23_output2,192000,1.187650292659919,1.0015388226702486,1.034127555863759,1.1862744340868545
InceptionV3_Imagenet_output,ConvReLU2d_24_output0,192000,1.1568643252716861,0.9961089494163424,1.0107078442378137,1.1555588323138184
InceptionV3_Imagenet_output,ConvReLU2d_24_output1,192000,1.1705238322767375,0.9961089494163424,1.0211184038642949,1.1691873462872593
InceptionV3_Imagenet_output,ConvReLU2d_24_output2,192000,1.162870807021741,0.9961089494163424,1.0152894930096392,1.161551730265909
InceptionV3_Imagenet_output,ConvReLU2d_25_output0,128000,1.167304086134274,1.0156311989208917,1.0186672768059208,1.1659749383707092
InceptionV3_Imagenet_output,ConvReLU2d_25_output1,128000,1.1775325862594366,1.0156311989208917,1.0264480786676222,1.1761800566266374
InceptionV3_Imagenet_output,ConvReLU2d_25_output2,128000,1.184625778567528,1.0148662041625371,1.031833681308494,1.1832569146575949
InceptionV3_Imagenet_output,ConvReLU2d_26_output0,176947,1.1236923243059542,0.997710121713235,0.9852961142167269,1.1224605856883039
InceptionV3_Imagenet_output,ConvReLU2d_26_output1,176947,1.117830639141545,0.9966421021792532,0.98078649045562,1.1166117106433209
InceptionV3_Imagenet_output,ConvReLU2d_26_output2,176947,1.1289291443732954,0.9971758259722543,0.9893201066800891,1.127685904643363
InceptionV3_Imagenet_output,ConvReLU2d_27_output0,128000,1.152949309637823,0.9961089494163423,1.0077182954996127,1.1516526327746393
InceptionV3_Imagenet_output,ConvReLU2d_27_output1,128000,1.157750256084407,0.9968459172150617,1.0113839960334783,1.1564427639885528
InceptionV3_Imagenet_output,ConvReLU2d_27_output2,128000,1.1569196562231316,0.9961089494163423,1.0107500772374935,1.1556140384535083
InceptionV3_Imagenet_output,ConvReLU2d_28_output0,192000,1.1436280707083792,1.000244851604299,3.4566878808882957,3.2010937070165633
InceptionV3_Imagenet_output,ConvReLU2d_28_output1,192000,1.1512482349026085,1.000244851604299,3.5281794961318647,3.2666116560189864
InceptionV3_Imagenet_output,ConvReLU2d_28_output2,192000,1.1539943908059103,1.0037431254051568,3.5132180253701906,3.248538580625512
InceptionV3_Imagenet_output,ConvReLU2d_29_output0,44236,1.146012086846228,0.9961089494163421,1.002414670756379,1.1447309584140701
InceptionV3_Imagenet_output,ConvReLU2d_29_output1,44236,1.1574564004442678,0.9961089494163421,1.0111597367916398,1.1561495716146426
InceptionV3_Imagenet_output,ConvReLU2d_29_output2,44236,1.148377617558527,0.9961089494163421,1.0042240629459283,1.1470911977764713
InceptionV3_Imagenet_output,ConvReLU2d_2_output0,2433228,1.2287721006871137,1.051540185406113,1.474755444469236,1.4382333828255487
InceptionV3_Imagenet_output,ConvReLU2d_2_output1,2433228,1.2753236232914686,1.0547840006242475,1.4736186577659522,1.4527735538887552
InceptionV3_Imagenet_output,ConvReLU2d_2_output2,2433228,1.245294993131601,1.0550236563326625,1.4908720428557576,1.4498392830209057
InceptionV3_Imagenet_output,ConvReLU2d_30_output0,88473,1.1116969630316265,0.9961089494163422,0.9760614011129226,1.110491367445043
InceptionV3_Imagenet_output,ConvReLU2d_30_output1,88473,1.115034234972462,0.9961089494163422,0.9786330637744057,1.1138213941656852
InceptionV3_Imagenet_output,ConvReLU2d_30_output2,88473,1.114811126936311,0.9961089494163422,0.9784611980751147,1.11359877117357
InceptionV3_Imagenet_output,ConvReLU2d_31_output0,58982,1.1479037304921673,0.9961089494163422,1.0038616621343992,1.1466183715993843
InceptionV3_Imagenet_output,ConvReLU2d_31_output1,58982,1.1415443225715765,0.9961089494163422,0.9989947276220852,1.1402731581673902
InceptionV3_Imagenet_output,ConvReLU2d_31_output2,58982,1.1532576148936322,0.9961089494163422,1.0079538135294002,1.1519602448502453
InceptionV3_Imagenet_output,ConvReLU2d_32_output0,58982,1.1860804753991032,0.9961089494163422,1.0329371518793034,1.1847082494969816
InceptionV3_Imagenet_output,ConvReLU2d_32_output1,58982,1.1857013041606774,0.9961089494163422,1.0326495625313767,1.1843299549691115
InceptionV3_Imagenet_output,ConvReLU2d_32_output2,58982,1.1975694709277194,0.9961089494163422,1.0416399460427674,1.1961705477538787
InceptionV3_Imagenet_output,ConvReLU2d_33_output0,88473,1.1974743483212809,0.9961089494163422,1.0415679809228005,1.196075647240985
InceptionV3_Imagenet_output,ConvReLU2d_33_output1,88473,1.1913291634747323,0.9982449903220526,1.0369156776227186,1.1899447729367207
InceptionV3_Imagenet_output,ConvReLU2d_33_output2,88473,1.2021250027607364,0.9961089494163422,1.045084697197733,1.2007154226525616
InceptionV3_Imagenet_output,ConvReLU2d_34_output0,58982,1.1461301319032657,0.9993211133740663,1.002504985495772,1.144848739679615
InceptionV3_Imagenet_output,ConvReLU2d_34_output1,58982,1.1507529340486449,0.9993211133740663,1.0060399989748232,1.1494611900671556
InceptionV3_Imagenet_output,ConvReLU2d_34_output2,58982,1.149682826759219,0.9961089494163422,1.0052220156937894,1.1483934827499613
InceptionV3_Imagenet_output,ConvReLU2d_35_output0,58982,1.1273187647933063,1.0041783917455442,0.9880831765330244,1.126079067465772
InceptionV3_Imagenet_output,ConvReLU2d_35_output1,58982,1.1286909973570263,1.0009349766255842,0.9891372138097866,1.1274482818046254
InceptionV3_Imagenet_output,ConvReLU2d_35_output2,58982,1.1390902077998077,1.0025540609569212,0.9971147515997991,1.1378245000398564
InceptionV3_Imagenet_output,ConvReLU2d_36_output0,58982,1.171470281750739,1.0025540609569212,1.0218385892449229,1.1701316348406294
InceptionV3_Imagenet_output,ConvReLU2d_36_output1,58982,1.1696231699807311,1.0009349766255842,1.0204329214398362,1.168288738752145
InceptionV3_Imagenet_output,ConvReLU2d_36_output2,58982,1.1718404044123132,1.0025540609569212,1.022120187654878,1.1705009119689083
InceptionV3_Imagenet_output,ConvReLU2d_37_output0,58982,1.2346436219428125,1.0009349766255842,1.0695755439953312,1.233156796577822
InceptionV3_Imagenet_output,ConvReLU2d_37_output1,58982,1.2462595545066577,0.9977124459883078,1.078282128819736,1.244744637614521
InceptionV3_Imagenet_output,ConvReLU2d_37_output2,58982,1.2500398068043093,0.9993211133740663,1.0811108560936422,1.2485156912637825
InceptionV3_Imagenet_output,ConvReLU2d_38_output0,88473,1.3381089800565056,1.006881556404287,1.1463639868965492,1.3363626920498217
InceptionV3_Imagenet_output,ConvReLU2d_38_output1,88473,1.354702221064985,1.002544673471354,1.1585208713662372,1.352912383749388
InceptionV3_Imagenet_output,ConvReLU2d_38_output2,88473,1.3633209059468414,1.0057938218186573,1.1648182687669864,1.3615082373495782
InceptionV3_Imagenet_output,ConvReLU2d_39_output0,88473,1.2628888611254883,1.016778079861131,1.0907084215815936,1.2613332715368255
InceptionV3_Imagenet_output,ConvReLU2d_39_output1,88473,1.2462225885593614,1.0223606720338443,1.0782544561290153,1.2447077614807358
InceptionV3_Imagenet_output,ConvReLU2d_39_output2,88473,1.2478973441900738,1.0156688695332639,1.0795079553724125,1.2463784454089395
InceptionV3_Imagenet_output,ConvReLU2d_3_output0,746496,1.2453890433121186,1.0164442913377785,1.6387695661408417,1.5269428099068745
InceptionV3_Imagenet_output,ConvReLU2d_3_output1,746496,1.2789218964723024,1.0195971306347897,1.6079387149129845,1.5129171184499863
InceptionV3_Imagenet_output,ConvReLU2d_3_output2,746496,1.2624748275292017,1.015902048281803,1.6621794261609295,1.5569487291324866
InceptionV3_Imagenet_output,ConvReLU2d_40_output0,88473,1.166877476743553,0.9961089494163422,1.0183423785941779,1.1655492997651056
InceptionV3_Imagenet_output,ConvReLU2d_40_output1,88473,1.1661447792581066,0.9961089494163422,1.0177842984954402,1.1648182687669864
InceptionV3_Imagenet_output,ConvReLU2d_40_output2,88473,1.1685906900390088,0.9961089494163422,1.0196469486274224,1.1672586123561306
InceptionV3_Imagenet_output,ConvReLU2d_41_output0,73728,1.230286596303867,0.9961089494163422,1.0663041356020448,1.2288102400853338
InceptionV3_Imagenet_output,ConvReLU2d_41_output1,73728,1.2322451520709983,0.9973891045846239,1.0677750703312536,1.2307640943672609
InceptionV3_Imagenet_output,ConvReLU2d_41_output2,73728,1.2289843476521476,0.9961089494163422,1.0653257618449,1.2275111133310022
InceptionV3_Imagenet_output,ConvReLU2d_42_output0,73728,1.1832688025357592,0.9973891045846239,2.3358441249851483,2.0592256397723694
InceptionV3_Imagenet_output,ConvReLU2d_42_output1,73728,1.1763753238490517,0.9961089494163422,2.337806879166699,2.065535536061353
InceptionV3_Imagenet_output,ConvReLU2d_42_output2,73728,1.1853828823849784,0.9961089494163422,2.3294878731748536,2.048234693558636
InceptionV3_Imagenet_output,ConvReLU2d_43_output0,88473,1.1646821412464157,0.9961089494163422,1.0166699713498335,1.1633589543343332
InceptionV3_Imagenet_output,ConvReLU2d_43_output1,88473,1.1629803607029976,0.9971758259722542,1.0153730030378647,1.1616610355368615
InceptionV3_Imagenet_output,ConvReLU2d_43_output2,88473,1.1627376550817514,0.9961089494163422,1.0151879919311102,1.1614188802132488
InceptionV3_Imagenet_output,ConvReLU2d_44_output0,73728,1.2100914814913593,1.0004070666775216,2.6835431519657122,2.3900899185100832
InceptionV3_Imagenet_output,ConvReLU2d_44_output1,73728,1.2164304231347483,1.0034433480775773,2.6938014943641635,2.3905936520932034
InceptionV3_Imagenet_output,ConvReLU2d_44_output2,73728,1.2072604612701712,0.998672554384634,2.667703914101438,2.3719718173921427
InceptionV3_Imagenet_output,ConvReLU2d_45_output0,73728,1.2325721844561792,0.9973891045846239,2.655596877166757,2.317615993964541
InceptionV3_Imagenet_output,ConvReLU2d_45_output1,73728,1.2218709733552642,0.9978345604157642,2.5964906102253007,2.2718917794605913
InceptionV3_Imagenet_output,ConvReLU2d_45_output2,73728,1.2319182931796107,0.9961089494163422,2.623725556484759,2.2784211624187822
InceptionV3_Imagenet_output,ConvReLU2d_46_output0,73728,1.2521792297012126,0.9961089494163422,1.0827107418598074,1.2506498958894348
InceptionV3_Imagenet_output,ConvReLU2d_46_output1,73728,1.2378284109725306,0.9961089494163422,1.0719648436009135,1.2363339097626156
InceptionV3_Imagenet_output,ConvReLU2d_46_output2,73728,1.2384885930560947,0.998672554384634,1.072459920759746,1.2369924982330893
InceptionV3_Imagenet_output,ConvReLU2d_47_output0,73728,1.2205864702108724,0.998672554384634,1.0590098355710842,1.2191332889629312
InceptionV3_Imagenet_output,ConvReLU2d_47_output1,73728,1.2142042530415627,0.998672554384634,1.054202159793243,1.2127662199339562
InceptionV3_Imagenet_output,ConvReLU2d_47_output2,73728,1.2094612190495717,0.9961089494163422,1.0506249521288626,1.208034392146662
InceptionV3_Imagenet_output,ConvReLU2d_48_output0,88473,1.4070465274435953,1.0003902119020285,1.196589406325359,1.4051158015556704
InceptionV3_Imagenet_output,ConvReLU2d_48_output1,88473,1.401383987102856,1.007971646238967,1.19249164933616,1.3994687594564177
InceptionV3_Imagenet_output,ConvReLU2d_48_output2,88473,1.3908886477646205,1.0057938218186573,1.1848835184267283,1.389001980687803
InceptionV3_Imagenet_output,ConvReLU2d_49_output0,88473,1.376456536371099,1.0212392548075533,1.174393785995253,1.3746087929550674
InceptionV3_Imagenet_output,ConvReLU2d_49_output1,88473,1.4174273792425123,1.040644284562937,1.2040888214263226,1.415468079232797
InceptionV3_Imagenet_output,ConvReLU2d_49_output2,88473,1.3788410536018065,1.0212392548075533,1.1761291577255446,1.3769869070415515
InceptionV3_Imagenet_output,ConvReLU2d_4_output0,1661337,1.181619102716031,0.9993927167518437,1.5319407524141864,1.5310812878205589
InceptionV3_Imagenet_output,ConvReLU2d_4_output1,1661337,1.2080541573464085,1.0007948831094116,1.5188917829421218,1.5255691457636675
InceptionV3_Imagenet_output,ConvReLU2d_4_output2,1661337,1.1994418697165947,1.0014874811954948,1.5448773013337525,1.5522845762865085
InceptionV3_Imagenet_output,ConvReLU2d_50_output0,88473,1.1789765532317615,0.9961089494163422,1.0275451049641597,1.177620706355401
InceptionV3_Imagenet_output,ConvReLU2d_50_output1,88473,1.177232774928168,0.9961089494163422,1.0262202594614975,1.1758809335469331
InceptionV3_Imagenet_output,ConvReLU2d_50_output2,88473,1.1683456373456356,0.9961089494163422,1.0194603768746118,1.167014117957514
InceptionV3_Imagenet_output,ConvReLU2d_51_output0,73728,1.2348662806034643,0.9961089494163422,1.0697426410577286,1.2333789192376696
InceptionV3_Imagenet_output,ConvReLU2d_51_output1,73728,1.2212283840190814,0.9961089494163422,1.0594930160372475,1.219773674806432
InceptionV3_Imagenet_output,ConvReLU2d_51_output2,73728,1.2154753514596235,0.9961089494163422,1.0551601996457896,1.2140343077322067
InceptionV3_Imagenet_output,ConvReLU2d_52_output0,73728,1.2861628637220008,1.0016983003410185,2.820113890097489,2.3852957233848944
InceptionV3_Imagenet_output,ConvReLU2d_52_output1,73728,1.2548859415091205,0.998672554384634,2.8081240894678197,2.415321804579014
InceptionV3_Imagenet_output,ConvReLU2d_52_output2,73728,1.2589680212082013,0.9973891045846239,2.8258290773550003,2.419125819774666
InceptionV3_Imagenet_output,ConvReLU2d_53_output0,88473,1.2346239947515076,0.9982449903220526,1.0695608141301307,1.2331372166299526
InceptionV3_Imagenet_output,ConvReLU2d_53_output1,88473,1.2133824916402296,0.9982449903220526,1.0535826491442797,1.211946403215944
InceptionV3_Imagenet_output,ConvReLU2d_53_output2,88473,1.2264705933332984,0.9961089494163422,1.0634364080405785,1.2250033759335752
InceptionV3_Imagenet_output,ConvReLU2d_54_output0,73728,1.3045884343585146,0.9973891045846239,1.1216731990346926,1.3029284876438891
InceptionV3_Imagenet_output,ConvReLU2d_54_output1,73728,1.3009340847182855,0.9999593115514503,1.1189706950881497,1.299283418619661
InceptionV3_Imagenet_output,ConvReLU2d_54_output2,73728,1.2933261996438998,0.9973891045846239,1.1133376118388763,1.2916947712361044
InceptionV3_Imagenet_output,ConvReLU2d_55_output0,73728,1.2983881974315057,0.9961089494163422,1.1170866777019781,1.296743981532373
InceptionV3_Imagenet_output,ConvReLU2d_55_output1,73728,1.2776709123992718,0.9961089494163422,1.101716949836374,1.2760787164442595
InceptionV3_Imagenet_output,ConvReLU2d_55_output2,73728,1.2692903625658503,0.9973891045846239,1.095480074886333,1.2677189724543483
InceptionV3_Imagenet_output,ConvReLU2d_56_output0,73728,1.264452285911513,0.9973891045846239,1.0918744006782746,1.262892844754861
InceptionV3_Imagenet_output,ConvReLU2d_56_output1,73728,1.2388189482439225,0.9961089494163422,1.0727076308639143,1.2373220556583466
InceptionV3_Imagenet_output,ConvReLU2d_56_output2,73728,1.2451293526561886,0.998672554384634,1.0774359601996955,1.2436171805322158
InceptionV3_Imagenet_output,ConvReLU2d_57_output0,73728,1.2572639315503276,0.9961089494163422,1.086510174796126,1.255722159890485
InceptionV3_Imagenet_output,ConvReLU2d_57_output1,73728,1.2286592161314847,0.9961089494163422,1.065081448870767,1.227186760737447
InceptionV3_Imagenet_output,ConvReLU2d_57_output2,73728,1.2325721844561792,0.9961089494163422,1.0680206207594622,1.2310903409885472
InceptionV3_Imagenet_output,ConvReLU2d_58_output0,88473,1.1992786538487612,1.0014662839608914,1.042932776775502,1.197875737050511
InceptionV3_Imagenet_output,ConvReLU2d_58_output1,88473,1.1730192833081348,0.9982449903220526,1.0230169562099516,1.1716770959766982
InceptionV3_Imagenet_output,ConvReLU2d_58_output2,88473,1.1695719296389715,0.9961089494163422,1.020393919029998,1.1682376152620584
InceptionV3_Imagenet_output,ConvReLU2d_59_output0,88473,1.2897853833169886,1.029284953713132,3.246021515241873,2.8850245248938875
InceptionV3_Imagenet_output,ConvReLU2d_59_output1,88473,1.2978977469702497,1.0328547489621587,3.1695117963511255,2.8272938318369425
InceptionV3_Imagenet_output,ConvReLU2d_59_output2,88473,1.2939790939747047,1.0444907623360749,3.229797334307101,2.8695454692924103
InceptionV3_Imagenet_output,ConvReLU2d_5_output0,128000,1.2180919968738808,0.9961089494163423,1.0571315602291413,1.216644745674911
InceptionV3_Imagenet_output,ConvReLU2d_5_output1,128000,1.2409639284264358,0.9961089494163423,1.0743155697072384,1.2394618508409336
InceptionV3_Imagenet_output,ConvReLU2d_5_output2,128000,1.2286722180893186,0.9975839763073805,1.06509121923821,1.2271997315500585
InceptionV3_Imagenet_output,ConvReLU2d_60_output0,88473,1.2184241747985747,0.9971758259722542,1.0573817404753543,1.2169761346202794
InceptionV3_Imagenet_output,ConvReLU2d_60_output1,88473,1.2283634065808156,1.002544673471354,1.0648591542936945,1.226891659687652
InceptionV3_Imagenet_output,ConvReLU2d_60_output2,88473,1.2162962631907352,0.9971758259722542,1.055778788751434,1.2148532734477475
InceptionV3_Imagenet_output,ConvReLU2d_61_output0,88473,1.2583253011619675,0.9961089494163422,1.0873027336847119,1.2567809269057728
InceptionV3_Imagenet_output,ConvReLU2d_61_output1,88473,1.2603177939308874,0.9993164498325018,1.0887901015724415,1.2587685279404541
InceptionV3_Imagenet_output,ConvReLU2d_61_output2,88473,1.221630039381022,0.9961089494163422,1.0597953152872488,1.220174373689438
InceptionV3_Imagenet_output,ConvReLU2d_62_output0,88473,1.2738611323146052,0.9961089494163422,1.098883077190672,1.2722784115938899
InceptionV3_Imagenet_output,ConvReLU2d_62_output1,88473,1.25974786669444,0.9961089494163422,1.0883647242495786,1.258200000711265
InceptionV3_Imagenet_output,ConvReLU2d_62_output2,88473,1.2280926470715852,0.9961089494163422,1.0646556717969704,1.2266215485320424
InceptionV3_Imagenet_output,ConvReLU2d_63_output0,88473,1.4986360324641212,1.0371664604794877,1.2621905101676771,1.4964459662086567
InceptionV3_Imagenet_output,ConvReLU2d_63_output1,88473,1.5290716017581691,1.0595937632901458,1.2837108718763717,1.526791744435693
InceptionV3_Imagenet_output,ConvReLU2d_63_output2,88473,1.421042590067338,1.0394824212437637,1.2066966699125652,1.4190732896932354
InceptionV3_Imagenet_output,ConvReLU2d_64_output0,88473,1.2332575747012644,0.9971758259722542,1.0685351857444878,1.2317740837646205
InceptionV3_Imagenet_output,ConvReLU2d_64_output1,88473,1.2248528187311856,0.9971758259722542,1.0622199337373541,1.2233894671323349
InceptionV3_Imagenet_output,ConvReLU2d_64_output2,88473,1.2176253359902807,0.9961089494163422,1.0567800635038216,1.2161791928278867
InceptionV3_Imagenet_output,ConvReLU2d_65_output0,88473,1.1656568252430701,0.9961089494163422,1.0174125847982813,1.164331424001632
InceptionV3_Imagenet_output,ConvReLU2d_65_output1,88473,1.1637090858855144,0.9961089494163422,1.0159284411836493,1.1623881077582452
InceptionV3_Imagenet_output,ConvReLU2d_65_output2,88473,1.1457607028872978,0.9961089494163422,1.0022223323867054,1.144480136124401
InceptionV3_Imagenet_output,ConvReLU2d_66_output0,88473,1.270086068405984,0.9982449903220526,1.0960727303144695,1.2685127087195187
InceptionV3_Imagenet_output,ConvReLU2d_66_output1,88473,1.2554897869380683,0.9961089494163422,1.085184957978038,1.2539523607835072
InceptionV3_Imagenet_output,ConvReLU2d_66_output2,88473,1.225391602518032,0.9961089494163422,1.0626251158236506,1.2239269640182242
InceptionV3_Imagenet_output,ConvReLU2d_67_output0,88473,1.2747354900078003,0.9982449903220526,1.0995336665988116,1.2731505971851864
InceptionV3_Imagenet_output,ConvReLU2d_67_output1,88473,1.2663333130505432,0.9961089494163422,1.0932767214553454,1.2647692315942063
InceptionV3_Imagenet_output,ConvReLU2d_67_output2,88473,1.2170933584692758,0.9961089494163422,1.0563793257890177,1.2156484779139025
InceptionV3_Imagenet_output,ConvReLU2d_68_output0,88473,1.5620817925934098,1.1610777460536246,4.939090617190878,4.471417918936337
InceptionV3_Imagenet_output,ConvReLU2d_68_output1,88473,1.5883559829577847,1.1872772546361237,5.137546468401483,4.683753442067356
InceptionV3_Imagenet_output,ConvReLU2d_68_output2,88473,1.4476266855432505,1.1174660930758489,4.688781392883173,4.255402065203661
InceptionV3_Imagenet_output,ConvReLU2d_69_output0,88473,1.4206802393285947,1.0441455107810902,1.2064353768405545,1.4187119424321952
InceptionV3_Imagenet_output,ConvReLU2d_69_output1,88473,1.5240523996398705,1.0817540834235324,1.2801713688156515,1.5217874740036428
InceptionV3_Imagenet_output,ConvReLU2d_69_output2,88473,1.452154371851046,1.0559883474513032,1.229056839084752,1.4500979596520995
InceptionV3_Imagenet_output,ConvReLU2d_6_output0,96000,1.180463331857754,0.9961089494163423,1.4899226520623203,1.441457674072906
InceptionV3_Imagenet_output,ConvReLU2d_6_output1,96000,1.195870509646377,0.997091815538014,1.4935503130038055,1.4406086571576489
InceptionV3_Imagenet_output,ConvReLU2d_6_output2,96000,1.1951614635125607,1.0003959900794064,1.4907266321806727,1.4423429057575397
InceptionV3_Imagenet_output,ConvReLU2d_70_output0,88473,1.341330441837717,1.0014662839608914,1.1487275395634864,1.339575740938822
InceptionV3_Imagenet_output,ConvReLU2d_70_output1,88473,1.3580041723683274,1.0014662839608914,1.1609348723123238,1.356205605112144
InceptionV3_Imagenet_output,ConvReLU2d_70_output2,88473,1.3162957602635625,1.0003902119020285,1.1303168505043888,1.3146059065709483
InceptionV3_Imagenet_output,ConvReLU2d_71_output0,25600,1.3477940402232276,0.996108949416342,1.1534649004235373,1.3460223986539768
InceptionV3_Imagenet_output,ConvReLU2d_71_output1,25600,1.304192775994701,0.996108949416342,1.1213806999868583,1.3025338353515816
InceptionV3_Imagenet_output,ConvReLU2d_71_output2,25600,1.3311061570159297,0.996108949416342,1.1412204594972606,1.3293780873313117
InceptionV3_Imagenet_output,ConvReLU2d_72_output0,88473,1.3713745258902215,0.9982449903220526,1.1706923223282015,1.369540392290451
InceptionV3_Imagenet_output,ConvReLU2d_72_output1,88473,1.3410075978250773,0.9971758259722542,1.148490745805463,1.3392537409480978
InceptionV3_Imagenet_output,ConvReLU2d_72_output2,88473,1.328853640626731,0.9982449903220526,1.139564359624753,1.3271314107373282
InceptionV3_Imagenet_output,ConvReLU2d_73_output0,88473,1.3104135414930456,0.9961089494163422,1.1259766588480913,1.3087387475701038
InceptionV3_Imagenet_output,ConvReLU2d_73_output1,88473,1.2741524515744491,0.9961089494163422,1.0990998547651776,1.272569007316178
InceptionV3_Imagenet_output,ConvReLU2d_73_output2,88473,1.270086068405984,0.9961089494163422,1.0960727303144695,1.2685127087195187
InceptionV3_Imagenet_output,ConvReLU2d_74_output0,88473,1.3067254669488486,1.002544673471354,1.123252616907588,1.3050600809686728
InceptionV3_Imagenet_output,ConvReLU2d_74_output1,88473,1.26950727435505,1.0047084348571849,1.0956416446144959,1.2679353474536785
InceptionV3_Imagenet_output,ConvReLU2d_74_output2,88473,1.2611736523530792,0.9993164498325018,1.0894287913779828,1.2596222827876802
InceptionV3_Imagenet_output,ConvReLU2d_75_output0,15360,1.2336853941608759,0.9961089494163415,1.0688563376361286,1.2322008744133797
InceptionV3_Imagenet_output,ConvReLU2d_75_output1,15360,1.1838720554940014,0.9961089494163415,1.0312618018547262,1.1825049319155068
InceptionV3_Imagenet_output,ConvReLU2d_75_output2,15360,1.207511571003212,0.9961089494163415,1.0491534540611143,1.2060893377697937
InceptionV3_Imagenet_output,ConvReLU2d_76_output0,25600,1.2120494762383849,0.996108949416342,1.0525774785424264,1.2106165395755741
InceptionV3_Imagenet_output,ConvReLU2d_76_output1,25600,1.2390569131268636,0.996108949416342,1.0728860530051807,1.2375594457570678
InceptionV3_Imagenet_output,ConvReLU2d_76_output2,25600,1.2084164316312436,1.0035280282242254,1.0498364756661434,1.2069920673275256
InceptionV3_Imagenet_output,ConvReLU2d_77_output0,30720,1.1507826876881795,0.9961089494163421,1.006062739736121,1.1494908769451677
InceptionV3_Imagenet_output,ConvReLU2d_77_output1,30720,1.161837495922506,0.9961089494163421,1.0145017275755732,1.1605207610250885
InceptionV3_Imagenet_output,ConvReLU2d_77_output2,30720,1.1412808760222344,0.9961089494163421,0.9987929626062251,1.1400102979445854
InceptionV3_Imagenet_output,ConvReLU2d_78_output0,30720,1.3564860300043047,1.05726872246696,5.000813934559651,4.696529582632616
InceptionV3_Imagenet_output,ConvReLU2d_78_output1,30720,1.4160434216439832,1.1171315320557107,5.347258485639675,5.013873021054339
InceptionV3_Imagenet_output,ConvReLU2d_78_output2,30720,1.317691466317798,1.0652980545826538,5.006416916213398,4.69437652811735
InceptionV3_Imagenet_output,ConvReLU2d_79_output0,30720,1.2431962121365405,1.0022838499184337,1.0759881613281725,1.241688729007093
InceptionV3_Imagenet_output,ConvReLU2d_79_output1,30720,1.3593446648929985,1.018061309030654,1.161914397696595,1.3575425474913407
InceptionV3_Imagenet_output,ConvReLU2d_79_output2,30720,1.2376304935716331,0.9991868596519756,1.071816409572032,1.2361364699491477
InceptionV3_Imagenet_output,ConvReLU2d_7_output0,128000,1.2832289247819826,1.0012907263269057,1.1058470583280327,1.2816228549400677
InceptionV3_Imagenet_output,ConvReLU2d_7_output1,128000,1.2987309470843236,1.0012907263269057,1.1173403807250053,1.297085863537447
InceptionV3_Imagenet_output,ConvReLU2d_7_output2,128000,1.2914503214122208,1.0035280282242256,1.1119472433155573,1.2898236191392694
InceptionV3_Imagenet_output,ConvReLU2d_80_output0,35840,1.1705723850738952,0.996108949416342,1.021155352945366,1.1692357882717554
InceptionV3_Imagenet_output,ConvReLU2d_80_output1,35840,1.1687544074905936,0.996108949416342,1.0197715899431283,1.16742195675099
InceptionV3_Imagenet_output,ConvReLU2d_80_output2,35840,1.1675455563473476,0.996108949416342,1.018851162873336,1.1662158589412455
InceptionV3_Imagenet_output,ConvReLU2d_81_output0,30720,1.2112907916073157,0.9961089494163421,1.0520052566017863,1.2098596472227277
InceptionV3_Imagenet_output,ConvReLU2d_81_output1,30720,1.1896947340904465,0.9961089494163421,1.0356772611191176,1.1883141373407984
InceptionV3_Imagenet_output,ConvReLU2d_81_output2,30720,1.180982037309344,0.9961089494163421,1.0290681606914047,1.1796215764766864
InceptionV3_Imagenet_output,ConvReLU2d_82_output0,30720,1.4698212961412398,1.0785759427006527,4.882584336631293,4.425875234116114
InceptionV3_Imagenet_output,ConvReLU2d_82_output1,30720,1.4776779003697795,1.1355487376631053,5.049517156359143,4.69294225481209
InceptionV3_Imagenet_output,ConvReLU2d_82_output2,30720,1.447827316429446,1.1094658528657586,4.833798827740835,4.443801533342969
InceptionV3_Imagenet_output,ConvReLU2d_83_output0,30720,1.3926051848703775,1.0085357846355874,1.1861290089046546,1.390713861302096
InceptionV3_Imagenet_output,ConvReLU2d_83_output1,30720,1.4587414081698058,1.041003049813622,1.233772101569324,1.4566663110352422
InceptionV3_Imagenet_output,ConvReLU2d_83_output2,30720,1.3312893073243657,1.0054000981836029,1.1413550805069588,1.3295607623767192
InceptionV3_Imagenet_output,ConvReLU2d_84_output0,15360,1.3194884405167122,1.1010752688172032,3.8451669430797515,3.5229357798165033
InceptionV3_Imagenet_output,ConvReLU2d_84_output1,15360,1.3622153737001959,1.1132854968471397,4.351891202719917,4.035733053074081
InceptionV3_Imagenet_output,ConvReLU2d_84_output2,15360,1.3052483987125953,1.062093762965011,4.257796257796243,3.9364428498205926
InceptionV3_Imagenet_output,ConvReLU2d_85_output0,25600,1.1896947340904465,0.996108949416342,1.0356772611191176,1.1883141373407984
InceptionV3_Imagenet_output,ConvReLU2d_85_output1,25600,1.2048051015966015,0.996108949416342,1.0471097113290313,1.2033892329568818
InceptionV3_Imagenet_output,ConvReLU2d_85_output2,25600,1.1732490060610221,0.996108949416342,1.0231916785739261,1.171906293274127
InceptionV3_Imagenet_output,ConvReLU2d_86_output0,30720,1.5461563142894883,1.0212765957446805,1.2957309839773494,1.5438252643084627
InceptionV3_Imagenet_output,ConvReLU2d_86_output1,30720,1.9594804697777868,1.1401002041195023,1.5739619958883309,1.9557380571537692
InceptionV3_Imagenet_output,ConvReLU2d_86_output2,30720,1.591946986921626,1.0545829042224506,1.3277362680108262,1.5894759308484827
InceptionV3_Imagenet_output,ConvReLU2d_87_output0,30720,1.3061293905686142,0.9961089494163421,1.122812147350819,1.3044655226407778
InceptionV3_Imagenet_output,ConvReLU2d_87_output1,30720,1.343303161484979,0.9991868596519756,1.1501740986184428,1.3415432988340097
InceptionV3_Imagenet_output,ConvReLU2d_87_output2,30720,1.3061293905686142,0.9961089494163421,1.122812147350819,1.3044655226407778
InceptionV3_Imagenet_output,ConvReLU2d_88_output0,30720,1.2930381345231075,0.9961089494163421,1.113124139430393,1.2914074323188156
InceptionV3_Imagenet_output,ConvReLU2d_88_output1,30720,1.3017362839920754,1.0022838499184337,1.1195641280282802,1.3000835828475295
InceptionV3_Imagenet_output,ConvReLU2d_88_output2,30720,1.248006825037324,0.9991868596519756,1.0795898823591425,1.2464876598938939
InceptionV3_Imagenet_output,ConvReLU2d_89_output0,35840,1.3267256178537876,1.0297962819297182,4.688261360105949,4.303037579541355
InceptionV3_Imagenet_output,ConvReLU2d_89_output1,35840,1.2962552725924648,1.031634092282893,5.067783728370177,4.77739269528125
InceptionV3_Imagenet_output,ConvReLU2d_89_output2,35840,1.3267256178537876,1.034462852854586,4.838257876174879,4.52011602976415
InceptionV3_Imagenet_output,ConvReLU2d_8_output0,128000,1.227923753609424,1.0057753506462892,1.0645287381176136,1.2264530594254832
InceptionV3_Imagenet_output,ConvReLU2d_8_output1,128000,1.2517526370540781,1.0072791658469407,1.0823917898891497,1.2502243444563415
InceptionV3_Imagenet_output,ConvReLU2d_8_output2,128000,1.2482644370193297,1.0095433393800772,1.0797826515623632,1.2467446450247703
InceptionV3_Imagenet_output,ConvReLU2d_90_output0,30720,1.3806819139433362,0.9991868596519756,2.612800340208375,2.1370620614092277
InceptionV3_Imagenet_output,ConvReLU2d_90_output1,30720,1.4307004470938889,1.0235223562337572,3.853487205218258,3.3076716016150693
InceptionV3_Imagenet_output,ConvReLU2d_90_output2,30720,1.440284118546822,1.02790604296326,3.2833667334669294,2.76781692044328
InceptionV3_Imagenet_output,ConvReLU2d_91_output0,30720,1.2258701702929993,0.9961089494163421,1.0629849739184591,1.2244043882461957
InceptionV3_Imagenet_output,ConvReLU2d_91_output1,30720,1.601167517981861,1.0245122561280637,1.3341440111178662,1.5986677768526218
InceptionV3_Imagenet_output,ConvReLU2d_91_output2,30720,1.4675918737832763,1.027768484442957,1.240097286277992,1.4654915383606237
InceptionV3_Imagenet_output,ConvReLU2d_92_output0,30720,1.1695616999000613,0.9961089494163421,1.0203861324475811,1.1682274088510713
InceptionV3_Imagenet_output,ConvReLU2d_92_output1,30720,1.6433190015446226,1.0756302521008398,1.3632808382934576,1.6406860225247168
InceptionV3_Imagenet_output,ConvReLU2d_92_output2,30720,1.3718725926918305,1.0245122561280637,1.1710552648883548,1.370037127470983
InceptionV3_Imagenet_output,ConvReLU2d_93_output0,15360,1.185322375274915,0.9961089494163415,1.0323621332795636,1.183951901953982
InceptionV3_Imagenet_output,ConvReLU2d_93_output1,15360,1.2447956237653839,0.9961089494163415,1.0771860618014455,1.2432842616482003
InceptionV3_Imagenet_output,ConvReLU2d_93_output2,15360,1.1824252804988344,0.9961089494163415,1.0301638134840119,1.1810614943964926
InceptionV3_Imagenet_output,ConvReLU2d_9_output0,192000,1.2182760442196132,1.006025674613571,1.0572701779600469,1.216828355903281
InceptionV3_Imagenet_output,ConvReLU2d_9_output1,192000,1.2379788705377148,1.0095433393800772,1.0720776809619663,1.23648400620818
InceptionV3_Imagenet_output,ConvReLU2d_9_output2,192000,1.2268027650984197,1.007530239026054,1.0636861294913211,1.2253347533176178
ResNet50_Imagenet_output,ConvReLU2d_0_output0,2569011,1.318813665257908,1.0379426678248924,1.3655024279372645,1.3980774638947948
ResNet50_Imagenet_output,ConvReLU2d_0_output1,2569011,1.3980689042648025,1.050970188637563,1.3904745731405952,1.452412057808483
ResNet50_Imagenet_output,ConvReLU2d_0_output2,2569011,1.3514928434932847,1.0510514565001527,1.4044691543989538,1.4197750693646773
ResNet50_Imagenet_output,ConvReLU2d_10_output0,321126,1.3436780436505757,1.038670601025004,1.8547509273061324,1.6932315360575971
ResNet50_Imagenet_output,ConvReLU2d_10_output1,321126,1.3710075992344712,1.0383111401485872,1.8418071883917448,1.6933677432286838
ResNet50_Imagenet_output,ConvReLU2d_10_output2,321126,1.3583904488171568,1.046696793630299,1.875918166996827,1.7269254485266083
ResNet50_Imagenet_output,ConvReLU2d_11_output0,321126,1.165416403280166,0.9993618259870685,1.868367083404568,1.6992578212617635
ResNet50_Imagenet_output,ConvReLU2d_11_output1,321126,1.1862680340370653,1.0012413216644938,1.8703782061879546,1.705057694095152
ResNet50_Imagenet_output,ConvReLU2d_11_output2,321126,1.1897577300674886,0.9999657358231968,1.8956650238305957,1.7330867963235392
ResNet50_Imagenet_output,ConvReLU2d_12_output0,321126,1.1274067544526603,0.9961089494163424,1.784615512903098,1.6525991742769777
ResNet50_Imagenet_output,ConvReLU2d_12_output1,321126,1.1417931748280103,0.9969906178084617,1.7736242835763483,1.6453561564585972
ResNet50_Imagenet_output,ConvReLU2d_12_output2,321126,1.1472343801511127,0.997489373337642,1.7686688043370467,1.6421725443906543
ResNet50_Imagenet_output,ConvReLU2d_13_output0,321126,1.1599348353246017,0.9961089494163424,2.0486763572662747,1.8208974907100757
ResNet50_Imagenet_output,ConvReLU2d_13_output1,321126,1.1693926169851596,0.9966965549787635,2.079391515777661,1.8426635116043966
ResNet50_Imagenet_output,ConvReLU2d_13_output2,321126,1.1779070871407205,0.9975916643619154,2.062740203318932,1.8219050679651736
ResNet50_Imagenet_output,ConvReLU2d_14_output0,321126,1.134936414284458,0.9961089494163424,2.284419166694093,2.0757226498724592
ResNet50_Imagenet_output,ConvReLU2d_14_output1,321126,1.1462589360673672,0.9984759606113575,2.2786931500577614,2.066830573607227
ResNet50_Imagenet_output,ConvReLU2d_14_output2,321126,1.1469740994380784,0.996900832862351,2.2581125067922954,2.0441317984388396
ResNet50_Imagenet_output,ConvReLU2d_15_output0,642252,1.1918495748703732,0.9970926102614943,2.7789631293280928,2.453564358563511
ResNet50_Imagenet_output,ConvReLU2d_15_output1,642252,1.208044367473102,0.9981744010457752,2.7983384516836085,2.459493864200953
ResNet50_Imagenet_output,ConvReLU2d_15_output2,642252,1.223167043920757,1.0027380362182778,2.8600087625000628,2.5019165876509515
ResNet50_Imagenet_output,ConvReLU2d_16_output0,160563,1.1369144642071367,0.9961089494163424,1.6411808461418516,1.507664562669071
ResNet50_Imagenet_output,ConvReLU2d_16_output1,160563,1.1405052486852751,0.9961089494163424,1.6230609095287027,1.49251705108118
ResNet50_Imagenet_output,ConvReLU2d_16_output2,160563,1.159868305174306,0.9961089494163424,1.6378650163391604,1.4961044771424208
ResNet50_Imagenet_output,ConvReLU2d_17_output0,160563,1.2056469633863753,0.9966965549787635,2.035427098639504,1.7949092128988968
ResNet50_Imagenet_output,ConvReLU2d_17_output1,160563,1.2112799083118342,0.9961089494163424,2.0571241823782995,1.8166559618360998
ResNet50_Imagenet_output,ConvReLU2d_17_output2,160563,1.2268593316027374,0.997284854208476,2.071620437814894,1.816185757585615
ResNet50_Imagenet_output,ConvReLU2d_18_output0,160563,1.23827845874787,1.0028427372748459,2.3129738404923885,2.0042704626334515
ResNet50_Imagenet_output,ConvReLU2d_18_output1,160563,1.2445274928910226,1.004034603764379,2.292042174706956,1.98318741109915
ResNet50_Imagenet_output,ConvReLU2d_18_output2,160563,1.256591720423373,1.0095094339622641,2.268612628019511,1.9651201939263345
ResNet50_Imagenet_output,ConvReLU2d_19_output0,160563,1.1527276938282511,0.9961089494163424,2.241067813411892,2.005528848406473
ResNet50_Imagenet_output,ConvReLU2d_19_output1,160563,1.1507597672843024,0.9961089494163424,2.2540773104759357,2.020025704635801
ResNet50_Imagenet_output,ConvReLU2d_19_output2,160563,1.1660211956635245,0.9961089494163424,2.280899075985207,2.0213612314899496
ResNet50_Imagenet_output,ConvReLU2d_1_output0,642252,1.4117632833846432,1.1074090711953377,1.9112167646938465,1.803478256595934
ResNet50_Imagenet_output,ConvReLU2d_1_output1,642252,1.4772922810778977,1.11459185789898,1.8958799162292073,1.8194937767771415
ResNet50_Imagenet_output,ConvReLU2d_1_output2,642252,1.48581129641707,1.1419355125520687,2.044974725451007,1.9521141157002182
ResNet50_Imagenet_output,ConvReLU2d_20_output0,160563,1.1216536340957213,0.997489373337642,2.3301148457503076,2.139414770521601
ResNet50_Imagenet_output,ConvReLU2d_20_output1,160563,1.117809535664947,0.997489373337642,2.3393007762473057,2.1489384134188154
ResNet50_Imagenet_output,ConvReLU2d_20_output2,160563,1.1281615153485267,0.9961089494163424,2.292872983618968,2.0894286718475414
ResNet50_Imagenet_output,ConvReLU2d_21_output0,160563,1.195808278956372,0.9961089494163424,2.6788275790132463,2.356243210710196
ResNet50_Imagenet_output,ConvReLU2d_21_output1,160563,1.1977915270980073,0.996900832862351,2.676839564233092,2.352466149187232
ResNet50_Imagenet_output,ConvReLU2d_21_output2,160563,1.2076630082103659,0.9966965549787635,2.6622437470974583,2.328108172789278
ResNet50_Imagenet_output,ConvReLU2d_22_output0,160563,1.189197999629561,0.996900832862351,2.405791453708838,2.125321712245671
ResNet50_Imagenet_output,ConvReLU2d_22_output1,160563,1.1825220831460839,0.9961089494163424,2.3868265943980678,2.121690682607898
ResNet50_Imagenet_output,ConvReLU2d_22_output2,160563,1.199923748864643,0.996900832862351,2.4119461297169362,2.1126949654491605
ResNet50_Imagenet_output,ConvReLU2d_23_output0,160563,1.2259667848942395,0.9996699156105004,2.7491227657019044,2.398269788915741
ResNet50_Imagenet_output,ConvReLU2d_23_output1,160563,1.2334445975995734,1.0006483467158744,2.772988276146525,2.419590433910926
ResNet50_Imagenet_output,ConvReLU2d_23_output2,160563,1.237520671989021,0.9994645014259206,2.7488461703129676,2.38584208912795
ResNet50_Imagenet_output,ConvReLU2d_24_output0,160563,1.2130237268217847,0.9976939763679196,2.6440062347759654,2.3110922334028645
ResNet50_Imagenet_output,ConvReLU2d_24_output1,160563,1.2117153927306286,1.0042167694790975,2.618664132489604,2.305238100367302
ResNet50_Imagenet_output,ConvReLU2d_24_output2,160563,1.21990230111094,0.9996699156105004,2.619780721977174,2.2955372657261144
ResNet50_Imagenet_output,ConvReLU2d_25_output0,160563,1.276098689512823,0.9966965549787635,3.0306726457399096,2.6009852216748763
ResNet50_Imagenet_output,ConvReLU2d_25_output1,160563,1.272725470645255,1.000854247856586,3.046953748611888,2.639354269822966
ResNet50_Imagenet_output,ConvReLU2d_25_output2,160563,1.2873091235724365,0.9988736285961429,3.0628992324242312,2.627666605959282
ResNet50_Imagenet_output,ConvReLU2d_26_output0,160563,1.3955123070853903,0.9986685414929756,2.838088544394862,2.3023200774554446
ResNet50_Imagenet_output,ConvReLU2d_26_output1,160563,1.3868984615650475,0.9998505008222455,2.868129511829032,2.350666063789085
ResNet50_Imagenet_output,ConvReLU2d_26_output2,160563,1.4040388246755588,1.005437097542031,2.8766815791890776,2.3340876744300174
ResNet50_Imagenet_output,ConvReLU2d_27_output0,321126,1.2162338025207498,0.9979762182326882,3.4563121430224855,3.0937562114438735
ResNet50_Imagenet_output,ConvReLU2d_27_output1,321126,1.2230009857565325,1.0001464279372043,3.5588665691100165,3.193525883905111
ResNet50_Imagenet_output,ConvReLU2d_27_output2,321126,1.2222617767159405,1.0005454279115722,3.5374837808576927,3.1638812302734185
ResNet50_Imagenet_output,ConvReLU2d_28_output0,80281,1.2181386639042406,0.9961089494163422,2.5110898175489362,2.1550224716461184
ResNet50_Imagenet_output,ConvReLU2d_28_output1,80281,1.2073745891096181,0.9961089494163422,2.537668918251273,2.212173625419488
ResNet50_Imagenet_output,ConvReLU2d_28_output2,80281,1.2059345575847047,0.9961089494163422,2.4964636076256976,2.16281913513914
ResNet50_Imagenet_output,ConvReLU2d_29_output0,80281,1.2172587562138117,0.9961089494163422,3.173475288779488,2.8011221101954082
ResNet50_Imagenet_output,ConvReLU2d_29_output1,80281,1.2178452200303487,0.9961089494163422,3.2570437182309777,2.8825127166773656
ResNet50_Imagenet_output,ConvReLU2d_29_output2,80281,1.2117153927306283,0.9972848542084758,3.18469871629531,2.8310617451617586
ResNet50_Imagenet_output,ConvReLU2d_2_output0,642252,1.4417520344152022,1.1175265231044453,1.7282627746557289,1.7315294321459183
ResNet50_Imagenet_output,ConvReLU2d_2_output1,642252,1.481783756359526,1.1190045331658192,1.7374174902144865,1.7578578078855407
ResNet50_Imagenet_output,ConvReLU2d_2_output2,642252,1.5103311440121758,1.1673518283045226,1.76311601631259,1.8005523545162692
ResNet50_Imagenet_output,ConvReLU2d_30_output0,80281,1.229395286138551,0.9961089494163422,2.8042908557252164,2.4305821604064284
ResNet50_Imagenet_output,ConvReLU2d_30_output1,80281,1.2231489348731408,0.9961089494163422,3.0387482429112995,2.6807178108272853
ResNet50_Imagenet_output,ConvReLU2d_30_output2,80281,1.2204913155798705,0.9972848542084758,2.8807279351391113,2.5278873638704487
ResNet50_Imagenet_output,ConvReLU2d_31_output0,80281,1.1959497217110113,0.9972848542084758,3.4005158652394734,3.0552327656354823
ResNet50_Imagenet_output,ConvReLU2d_31_output1,80281,1.2351019748612053,0.9996450124245649,3.7143518304253234,3.3493904252155797
ResNet50_Imagenet_output,ConvReLU2d_31_output2,80281,1.2131692716993678,0.9996450124245649,3.5287056883759256,3.183451257666733
ResNet50_Imagenet_output,ConvReLU2d_32_output0,80281,1.265081820241766,0.9961089494163422,2.393094091512232,2.031533883261981
ResNet50_Imagenet_output,ConvReLU2d_32_output1,80281,1.388040825238835,1.0052293066628255,3.3846689124005613,2.844847754422033
ResNet50_Imagenet_output,ConvReLU2d_32_output2,80281,1.3223271217438581,0.9972848542084758,2.8029074716783433,2.367555847278251
ResNet50_Imagenet_output,ConvReLU2d_3_output0,642252,1.3704863839906183,1.1148182450244037,2.2187725120366517,2.0513438089834297
ResNet50_Imagenet_output,ConvReLU2d_3_output1,642252,1.4258960685641393,1.131098353047272,2.1993298505884464,2.025408440042894
ResNet50_Imagenet_output,ConvReLU2d_3_output2,642252,1.4495012920895454,1.1646166024822022,2.2899638725264047,2.13363900465775
ResNet50_Imagenet_output,ConvReLU2d_4_output0,642252,1.4089604633814559,1.0596115657410257,2.1278206294817053,1.9408827689592225
ResNet50_Imagenet_output,ConvReLU2d_4_output1,642252,1.4658364819066174,1.0780761447012894,2.1607927801520637,1.9819122912396558
ResNet50_Imagenet_output,ConvReLU2d_4_output2,642252,1.48570215613585,1.1048293790306833,2.228954496407794,2.0553660517461423
ResNet50_Imagenet_output,ConvReLU2d_5_output0,642252,1.1483066560063158,0.9989181352727566,1.9839627290238768,1.8204099335392308
ResNet50_Imagenet_output,ConvReLU2d_5_output1,642252,1.1809242889271798,0.9986229932906884,1.984726890894277,1.8022571855658276
ResNet50_Imagenet_output,ConvReLU2d_5_output2,642252,1.185735832943851,1.00746686036524,2.035114322985062,1.851836712477692
ResNet50_Imagenet_output,ConvReLU2d_6_output0,642252,1.2651716810227744,0.9965495007367324,2.385252999204669,2.0012465408491438
ResNet50_Imagenet_output,ConvReLU2d_6_output1,642252,1.2975978791503668,0.9964026070044042,2.440256232680402,2.015303636673181
ResNet50_Imagenet_output,ConvReLU2d_6_output2,642252,1.315061985004825,0.9971886056617647,2.4975585472237833,2.0593446617022377
ResNet50_Imagenet_output,ConvReLU2d_7_output0,1284505,1.1867740770135513,0.9989434909594012,2.257108817358483,2.0089006083098933
ResNet50_Imagenet_output,ConvReLU2d_7_output1,1284505,1.2075678879713037,0.9983697056726082,2.2578110580852693,1.998362157634646
ResNet50_Imagenet_output,ConvReLU2d_7_output2,1284505,1.2189929556863774,1.0052879202738307,2.2912169615127085,2.0410403270641275
ResNet50_Imagenet_output,ConvReLU2d_8_output0,321126,1.131570483022865,0.9961089494163424,1.7388871547961056,1.6077989950755447
ResNet50_Imagenet_output,ConvReLU2d_8_output1,321126,1.1504978846398513,0.9961089494163424,1.7557898104804885,1.621239170452221
ResNet50_Imagenet_output,ConvReLU2d_8_output2,321126,1.15820752823709,0.9965047338196492,1.7644316351032439,1.6240369858154011
ResNet50_Imagenet_output,ConvReLU2d_9_output0,321126,1.291832136750933,1.0336007830308962,1.7147710337533586,1.6593721348410437
ResNet50_Imagenet_output,ConvReLU2d_9_output1,321126,1.308720225401033,1.022226184865815,1.7140900617573582,1.6745783709944022
ResNet50_Imagenet_output,ConvReLU2d_9_output2,321126,1.310841090775084,1.0314488041229164,1.7194828011012437,1.68983124006443